,market_datetimes
0,2023-01-03 09:30:00
1,2023-01-03 10:30:00
2,2023-01-03 11:30:00
3,2023-01-03 12:30:00
4,2023-01-03 13:30:00
5,2023-01-03 14:30:00
6,2023-01-03 15:30:00
7,2023-01-04 09:30:00
8,2023-01-04 10:30:00
9,2023-01-04 11:30:00
10,2023-01-04 12:30:00
11,2023-01-04 13:30:00
12,2023-01-04 14:30:00
13,2023-01-04 15:30:00
14,2023-01-05 09:30:00
15,2023-01-05 10:30:00
16,2023-01-05 11:30:00
17,2023-01-05 12:30:00
18,2023-01-05 13:30:00
19,2023-01-05 14:30:00
20,2023-01-05 15:30:00
21,2023-01-06 09:30:00
22,2023-01-06 10:30:00
23,2023-01-06 11:30:00
24,2023-01-06 12:30:00
25,2023-01-06 13:30:00
26,2023-01-06 14:30:00
27,2023-01-06 15:30:00
28,2023-01-09 09:30:00
29,2023-01-09 10:30:00
30,2023-01-09 11:30:00
31,2023-01-09 12:30:00
32,2023-01-09 13:30:00
33,2023-01-09 14:30:00
34,2023-01-09 15:30:00
35,2023-01-10 09:30:00
36,2023-01-10 10:30:00
37,2023-01-10 11:30:00
38,2023-01-10 12:30:00
39,2023-01-10 13:30:00
40,2023-01-10 14:30:00
41,2023-01-10 15:30:00
42,2023-01-11 09:30:00
43,2023-01-11 10:30:00
44,2023-01-11 11:30:00
45,2023-01-11 12:30:00
46,2023-01-11 13:30:00
47,2023-01-11 14:30:00
48,2023-01-11 15:30:00
49,2023-01-12 09:30:00
50,2023-01-12 10:30:00
51,2023-01-12 11:30:00
52,2023-01-12 12:30:00
53,2023-01-12 13:30:00
54,2023-01-12 14:30:00
55,2023-01-12 15:30:00
56,2023-01-13 09:30:00
57,2023-01-13 10:30:00
58,2023-01-13 11:30:00
59,2023-01-13 12:30:00
60,2023-01-13 13:30:00
61,2023-01-13 14:30:00
62,2023-01-13 15:30:00
63,2023-01-17 09:30:00
64,2023-01-17 10:30:00
65,2023-01-17 11:30:00
66,2023-01-17 12:30:00
67,2023-01-17 13:30:00
68,2023-01-17 14:30:00
69,2023-01-17 15:30:00
70,2023-01-18 09:30:00
71,2023-01-18 10:30:00
72,2023-01-18 11:30:00
73,2023-01-18 12:30:00
74,2023-01-18 13:30:00
75,2023-01-18 14:30:00
76,2023-01-18 15:30:00
77,2023-01-19 09:30:00
78,2023-01-19 10:30:00
79,2023-01-19 11:30:00
80,2023-01-19 12:30:00
81,2023-01-19 13:30:00
82,2023-01-19 14:30:00
83,2023-01-19 15:30:00
84,2023-01-20 09:30:00
85,2023-01-20 10:30:00
86,2023-01-20 11:30:00
87,2023-01-20 12:30:00
88,2023-01-20 13:30:00
89,2023-01-20 14:30:00
90,2023-01-20 15:30:00
91,2023-01-23 09:30:00
92,2023-01-23 10:30:00
93,2023-01-23 11:30:00
94,2023-01-23 12:30:00
95,2023-01-23 13:30:00
96,2023-01-23 14:30:00
97,2023-01-23 15:30:00
98,2023-01-24 09:30:00
99,2023-01-24 10:30:00
100,2023-01-24 11:30:00
101,2023-01-24 12:30:00
102,2023-01-24 13:30:00
103,2023-01-24 14:30:00
104,2023-01-24 15:30:00
105,2023-01-25 09:30:00
106,2023-01-25 10:30:00
107,2023-01-25 11:30:00
108,2023-01-25 12:30:00
109,2023-01-25 13:30:00
110,2023-01-25 14:30:00
111,2023-01-25 15:30:00
112,2023-01-26 09:30:00
113,2023-01-26 10:30:00
114,2023-01-26 11:30:00
115,2023-01-26 12:30:00
116,2023-01-26 13:30:00
117,2023-01-26 14:30:00
118,2023-01-26 15:30:00
119,2023-01-27 09:30:00
120,2023-01-27 10:30:00
121,2023-01-27 11:30:00
122,2023-01-27 12:30:00
123,2023-01-27 13:30:00
124,2023-01-27 14:30:00
125,2023-01-27 15:30:00
126,2023-01-30 09:30:00
127,2023-01-30 10:30:00
128,2023-01-30 11:30:00
129,2023-01-30 12:30:00
130,2023-01-30 13:30:00
131,2023-01-30 14:30:00
132,2023-01-30 15:30:00
133,2023-01-31 09:30:00
134,2023-01-31 10:30:00
135,2023-01-31 11:30:00
136,2023-01-31 12:30:00
137,2023-01-31 13:30:00
138,2023-01-31 14:30:00
139,2023-01-31 15:30:00
140,2023-02-01 09:30:00
141,2023-02-01 10:30:00
142,2023-02-01 11:30:00
143,2023-02-01 12:30:00
144,2023-02-01 13:30:00
145,2023-02-01 14:30:00
146,2023-02-01 15:30:00
147,2023-02-02 09:30:00
148,2023-02-02 10:30:00
149,2023-02-02 11:30:00
150,2023-02-02 12:30:00
151,2023-02-02 13:30:00
152,2023-02-02 14:30:00
153,2023-02-02 15:30:00
154,2023-02-03 09:30:00
155,2023-02-03 10:30:00
156,2023-02-03 11:30:00
157,2023-02-03 12:30:00
158,2023-02-03 13:30:00
159,2023-02-03 14:30:00
160,2023-02-03 15:30:00
161,2023-02-06 09:30:00
162,2023-02-06 10:30:00
163,2023-02-06 11:30:00
164,2023-02-06 12:30:00
165,2023-02-06 13:30:00
166,2023-02-06 14:30:00
167,2023-02-06 15:30:00
168,2023-02-07 09:30:00
169,2023-02-07 10:30:00
170,2023-02-07 11:30:00
171,2023-02-07 12:30:00
172,2023-02-07 13:30:00
173,2023-02-07 14:30:00
174,2023-02-07 15:30:00
175,2023-02-08 09:30:00
176,2023-02-08 10:30:00
177,2023-02-08 11:30:00
178,2023-02-08 12:30:00
179,2023-02-08 13:30:00
180,2023-02-08 14:30:00
181,2023-02-08 15:30:00
182,2023-02-09 09:30:00
183,2023-02-09 10:30:00
184,2023-02-09 11:30:00
185,2023-02-09 12:30:00
186,2023-02-09 13:30:00
187,2023-02-09 14:30:00
188,2023-02-09 15:30:00
189,2023-02-10 09:30:00
190,2023-02-10 10:30:00
191,2023-02-10 11:30:00
192,2023-02-10 12:30:00
193,2023-02-10 13:30:00
194,2023-02-10 14:30:00
195,2023-02-10 15:30:00
196,2023-02-13 09:30:00
197,2023-02-13 10:30:00
198,2023-02-13 11:30:00
199,2023-02-13 12:30:00
200,2023-02-13 13:30:00
201,2023-02-13 14:30:00
202,2023-02-13 15:30:00
203,2023-02-14 09:30:00
204,2023-02-14 10:30:00
205,2023-02-14 11:30:00
206,2023-02-14 12:30:00
207,2023-02-14 13:30:00
208,2023-02-14 14:30:00
209,2023-02-14 15:30:00
210,2023-02-15 09:30:00
211,2023-02-15 10:30:00
212,2023-02-15 11:30:00
213,2023-02-15 12:30:00
214,2023-02-15 13:30:00
215,2023-02-15 14:30:00
216,2023-02-15 15:30:00
217,2023-02-16 09:30:00
218,2023-02-16 10:30:00
219,2023-02-16 11:30:00
220,2023-02-16 12:30:00
221,2023-02-16 13:30:00
222,2023-02-16 14:30:00
223,2023-02-16 15:30:00
224,2023-02-17 09:30:00
225,2023-02-17 10:30:00
226,2023-02-17 11:30:00
227,2023-02-17 12:30:00
228,2023-02-17 13:30:00
229,2023-02-17 14:30:00
230,2023-02-17 15:30:00
231,2023-02-21 09:30:00
232,2023-02-21 10:30:00
233,2023-02-21 11:30:00
234,2023-02-21 12:30:00
235,2023-02-21 13:30:00
236,2023-02-21 14:30:00
237,2023-02-21 15:30:00
238,2023-02-22 09:30:00
239,2023-02-22 10:30:00
240,2023-02-22 11:30:00
241,2023-02-22 12:30:00
242,2023-02-22 13:30:00
243,2023-02-22 14:30:00
244,2023-02-22 15:30:00
245,2023-02-23 09:30:00
246,2023-02-23 10:30:00
247,2023-02-23 11:30:00
248,2023-02-23 12:30:00
249,2023-02-23 13:30:00
250,2023-02-23 14:30:00
251,2023-02-23 15:30:00
252,2023-02-24 09:30:00
253,2023-02-24 10:30:00
254,2023-02-24 11:30:00
255,2023-02-24 12:30:00
256,2023-02-24 13:30:00
257,2023-02-24 14:30:00
258,2023-02-24 15:30:00
259,2023-02-27 09:30:00
260,2023-02-27 10:30:00
261,2023-02-27 11:30:00
262,2023-02-27 12:30:00
263,2023-02-27 13:30:00
264,2023-02-27 14:30:00
265,2023-02-27 15:30:00
266,2023-02-28 09:30:00
267,2023-02-28 10:30:00
268,2023-02-28 11:30:00
269,2023-02-28 12:30:00
270,2023-02-28 13:30:00
271,2023-02-28 14:30:00
272,2023-02-28 15:30:00
273,2023-03-01 09:30:00
274,2023-03-01 10:30:00
275,2023-03-01 11:30:00
276,2023-03-01 12:30:00
277,2023-03-01 13:30:00
278,2023-03-01 14:30:00
279,2023-03-01 15:30:00
280,2023-03-02 09:30:00
281,2023-03-02 10:30:00
282,2023-03-02 11:30:00
283,2023-03-02 12:30:00
284,2023-03-02 13:30:00
285,2023-03-02 14:30:00
286,2023-03-02 15:30:00
287,2023-03-03 09:30:00
288,2023-03-03 10:30:00
289,2023-03-03 11:30:00
290,2023-03-03 12:30:00
291,2023-03-03 13:30:00
292,2023-03-03 14:30:00
293,2023-03-03 15:30:00
294,2023-03-06 09:30:00
295,2023-03-06 10:30:00
296,2023-03-06 11:30:00
297,2023-03-06 12:30:00
298,2023-03-06 13:30:00
299,2023-03-06 14:30:00
300,2023-03-06 15:30:00
301,2023-03-07 09:30:00
302,2023-03-07 10:30:00
303,2023-03-07 11:30:00
304,2023-03-07 12:30:00
305,2023-03-07 13:30:00
306,2023-03-07 14:30:00
307,2023-03-07 15:30:00
308,2023-03-08 09:30:00
309,2023-03-08 10:30:00
310,2023-03-08 11:30:00
311,2023-03-08 12:30:00
312,2023-03-08 13:30:00
313,2023-03-08 14:30:00
314,2023-03-08 15:30:00
315,2023-03-09 09:30:00
316,2023-03-09 10:30:00
317,2023-03-09 11:30:00
318,2023-03-09 12:30:00
319,2023-03-09 13:30:00
320,2023-03-09 14:30:00
321,2023-03-09 15:30:00
322,2023-03-10 09:30:00
323,2023-03-10 10:30:00
324,2023-03-10 11:30:00
325,2023-03-10 12:30:00
326,2023-03-10 13:30:00
327,2023-03-10 14:30:00
328,2023-03-10 15:30:00
329,2023-03-13 09:30:00
330,2023-03-13 10:30:00
331,2023-03-13 11:30:00
332,2023-03-13 12:30:00
333,2023-03-13 13:30:00
334,2023-03-13 14:30:00
335,2023-03-13 15:30:00
336,2023-03-14 09:30:00
337,2023-03-14 10:30:00
338,2023-03-14 11:30:00
339,2023-03-14 12:30:00
340,2023-03-14 13:30:00
341,2023-03-14 14:30:00
342,2023-03-14 15:30:00
343,2023-03-15 09:30:00
344,2023-03-15 10:30:00
345,2023-03-15 11:30:00
346,2023-03-15 12:30:00
347,2023-03-15 13:30:00
348,2023-03-15 14:30:00
349,2023-03-15 15:30:00
350,2023-03-16 09:30:00
351,2023-03-16 10:30:00
352,2023-03-16 11:30:00
353,2023-03-16 12:30:00
354,2023-03-16 13:30:00
355,2023-03-16 14:30:00
356,2023-03-16 15:30:00
357,2023-03-17 09:30:00
358,2023-03-17 10:30:00
359,2023-03-17 11:30:00
360,2023-03-17 12:30:00
361,2023-03-17 13:30:00
362,2023-03-17 14:30:00
363,2023-03-17 15:30:00
364,2023-03-20 09:30:00
365,2023-03-20 10:30:00
366,2023-03-20 11:30:00
367,2023-03-20 12:30:00
368,2023-03-20 13:30:00
369,2023-03-20 14:30:00
370,2023-03-20 15:30:00
371,2023-03-21 09:30:00
372,2023-03-21 10:30:00
373,2023-03-21 11:30:00
374,2023-03-21 12:30:00
375,2023-03-21 13:30:00
376,2023-03-21 14:30:00
377,2023-03-21 15:30:00
378,2023-03-22 09:30:00
379,2023-03-22 10:30:00
380,2023-03-22 11:30:00
381,2023-03-22 12:30:00
382,2023-03-22 13:30:00
383,2023-03-22 14:30:00
384,2023-03-22 15:30:00
385,2023-03-23 09:30:00
386,2023-03-23 10:30:00
387,2023-03-23 11:30:00
388,2023-03-23 12:30:00
389,2023-03-23 13:30:00
390,2023-03-23 14:30:00
391,2023-03-23 15:30:00
392,2023-03-24 09:30:00
393,2023-03-24 10:30:00
394,2023-03-24 11:30:00
395,2023-03-24 12:30:00
396,2023-03-24 13:30:00
397,2023-03-24 14:30:00
398,2023-03-24 15:30:00
399,2023-03-27 09:30:00
400,2023-03-27 10:30:00
401,2023-03-27 11:30:00
402,2023-03-27 12:30:00
403,2023-03-27 13:30:00
404,2023-03-27 14:30:00
405,2023-03-27 15:30:00
406,2023-03-28 09:30:00
407,2023-03-28 10:30:00
408,2023-03-28 11:30:00
409,2023-03-28 12:30:00
410,2023-03-28 13:30:00
411,2023-03-28 14:30:00
412,2023-03-28 15:30:00
413,2023-03-29 09:30:00
414,2023-03-29 10:30:00
415,2023-03-29 11:30:00
416,2023-03-29 12:30:00
417,2023-03-29 13:30:00
418,2023-03-29 14:30:00
419,2023-03-29 15:30:00
420,2023-03-30 09:30:00
421,2023-03-30 10:30:00
422,2023-03-30 11:30:00
423,2023-03-30 12:30:00
424,2023-03-30 13:30:00
425,2023-03-30 14:30:00
426,2023-03-30 15:30:00
427,2023-03-31 09:30:00
428,2023-03-31 10:30:00
429,2023-03-31 11:30:00
430,2023-03-31 12:30:00
431,2023-03-31 13:30:00
432,2023-03-31 14:30:00
433,2023-03-31 15:30:00
434,2023-04-03 09:30:00
435,2023-04-03 10:30:00
436,2023-04-03 11:30:00
437,2023-04-03 12:30:00
438,2023-04-03 13:30:00
439,2023-04-03 14:30:00
440,2023-04-03 15:30:00
441,2023-04-04 09:30:00
442,2023-04-04 10:30:00
443,2023-04-04 11:30:00
444,2023-04-04 12:30:00
445,2023-04-04 13:30:00
446,2023-04-04 14:30:00
447,2023-04-04 15:30:00
448,2023-04-05 09:30:00
449,2023-04-05 10:30:00
450,2023-04-05 11:30:00
451,2023-04-05 12:30:00
452,2023-04-05 13:30:00
453,2023-04-05 14:30:00
454,2023-04-05 15:30:00
455,2023-04-06 09:30:00
456,2023-04-06 10:30:00
457,2023-04-06 11:30:00
458,2023-04-06 12:30:00
459,2023-04-06 13:30:00
460,2023-04-06 14:30:00
461,2023-04-06 15:30:00
462,2023-04-10 09:30:00
463,2023-04-10 10:30:00
464,2023-04-10 11:30:00
465,2023-04-10 12:30:00
466,2023-04-10 13:30:00
467,2023-04-10 14:30:00
468,2023-04-10 15:30:00
469,2023-04-11 09:30:00
470,2023-04-11 10:30:00
471,2023-04-11 11:30:00
472,2023-04-11 12:30:00
473,2023-04-11 13:30:00
474,2023-04-11 14:30:00
475,2023-04-11 15:30:00
476,2023-04-12 09:30:00
477,2023-04-12 10:30:00
478,2023-04-12 11:30:00
479,2023-04-12 12:30:00
480,2023-04-12 13:30:00
481,2023-04-12 14:30:00
482,2023-04-12 15:30:00
483,2023-04-13 09:30:00
484,2023-04-13 10:30:00
485,2023-04-13 11:30:00
486,2023-04-13 12:30:00
487,2023-04-13 13:30:00
488,2023-04-13 14:30:00
489,2023-04-13 15:30:00
490,2023-04-14 09:30:00
491,2023-04-14 10:30:00
492,2023-04-14 11:30:00
493,2023-04-14 12:30:00
494,2023-04-14 13:30:00
495,2023-04-14 14:30:00
496,2023-04-14 15:30:00
497,2023-04-17 09:30:00
498,2023-04-17 10:30:00
499,2023-04-17 11:30:00
500,2023-04-17 12:30:00
501,2023-04-17 13:30:00
502,2023-04-17 14:30:00
503,2023-04-17 15:30:00
504,2023-04-18 09:30:00
505,2023-04-18 10:30:00
506,2023-04-18 11:30:00
507,2023-04-18 12:30:00
508,2023-04-18 13:30:00
509,2023-04-18 14:30:00
510,2023-04-18 15:30:00
511,2023-04-19 09:30:00
512,2023-04-19 10:30:00
513,2023-04-19 11:30:00
514,2023-04-19 12:30:00
515,2023-04-19 13:30:00
516,2023-04-19 14:30:00
517,2023-04-19 15:30:00
518,2023-04-20 09:30:00
519,2023-04-20 10:30:00
520,2023-04-20 11:30:00
521,2023-04-20 12:30:00
522,2023-04-20 13:30:00
523,2023-04-20 14:30:00
524,2023-04-20 15:30:00
525,2023-04-21 09:30:00
526,2023-04-21 10:30:00
527,2023-04-21 11:30:00
528,2023-04-21 12:30:00
529,2023-04-21 13:30:00
530,2023-04-21 14:30:00
531,2023-04-21 15:30:00
532,2023-04-24 09:30:00
533,2023-04-24 10:30:00
534,2023-04-24 11:30:00
535,2023-04-24 12:30:00
536,2023-04-24 13:30:00
537,2023-04-24 14:30:00
538,2023-04-24 15:30:00
539,2023-04-25 09:30:00
540,2023-04-25 10:30:00
541,2023-04-25 11:30:00
542,2023-04-25 12:30:00
543,2023-04-25 13:30:00
544,2023-04-25 14:30:00
545,2023-04-25 15:30:00
546,2023-04-26 09:30:00
547,2023-04-26 10:30:00
548,2023-04-26 11:30:00
549,2023-04-26 12:30:00
550,2023-04-26 13:30:00
551,2023-04-26 14:30:00
552,2023-04-26 15:30:00
553,2023-04-27 09:30:00
554,2023-04-27 10:30:00
555,2023-04-27 11:30:00
556,2023-04-27 12:30:00
557,2023-04-27 13:30:00
558,2023-04-27 14:30:00
559,2023-04-27 15:30:00
560,2023-04-28 09:30:00
561,2023-04-28 10:30:00
562,2023-04-28 11:30:00
563,2023-04-28 12:30:00
564,2023-04-28 13:30:00
565,2023-04-28 14:30:00
566,2023-04-28 15:30:00
567,2023-05-01 09:30:00
568,2023-05-01 10:30:00
569,2023-05-01 11:30:00
570,2023-05-01 12:30:00
571,2023-05-01 13:30:00
572,2023-05-01 14:30:00
573,2023-05-01 15:30:00
574,2023-05-02 09:30:00
575,2023-05-02 10:30:00
576,2023-05-02 11:30:00
577,2023-05-02 12:30:00
578,2023-05-02 13:30:00
579,2023-05-02 14:30:00
580,2023-05-02 15:30:00
581,2023-05-03 09:30:00
582,2023-05-03 10:30:00
583,2023-05-03 11:30:00
584,2023-05-03 12:30:00
585,2023-05-03 13:30:00
586,2023-05-03 14:30:00
587,2023-05-03 15:30:00
588,2023-05-04 09:30:00
589,2023-05-04 10:30:00
590,2023-05-04 11:30:00
591,2023-05-04 12:30:00
592,2023-05-04 13:30:00
593,2023-05-04 14:30:00
594,2023-05-04 15:30:00
595,2023-05-05 09:30:00
596,2023-05-05 10:30:00
597,2023-05-05 11:30:00
598,2023-05-05 12:30:00
599,2023-05-05 13:30:00
600,2023-05-05 14:30:00
601,2023-05-05 15:30:00
602,2023-05-08 09:30:00
603,2023-05-08 10:30:00
604,2023-05-08 11:30:00
605,2023-05-08 12:30:00
606,2023-05-08 13:30:00
607,2023-05-08 14:30:00
608,2023-05-08 15:30:00
609,2023-05-09 09:30:00
610,2023-05-09 10:30:00
611,2023-05-09 11:30:00
612,2023-05-09 12:30:00
613,2023-05-09 13:30:00
614,2023-05-09 14:30:00
615,2023-05-09 15:30:00
616,2023-05-10 09:30:00
617,2023-05-10 10:30:00
618,2023-05-10 11:30:00
619,2023-05-10 12:30:00
620,2023-05-10 13:30:00
621,2023-05-10 14:30:00
622,2023-05-10 15:30:00
623,2023-05-11 09:30:00
624,2023-05-11 10:30:00
625,2023-05-11 11:30:00
626,2023-05-11 12:30:00
627,2023-05-11 13:30:00
628,2023-05-11 14:30:00
629,2023-05-11 15:30:00
630,2023-05-12 09:30:00
631,2023-05-12 10:30:00
632,2023-05-12 11:30:00
633,2023-05-12 12:30:00
634,2023-05-12 13:30:00
635,2023-05-12 14:30:00
636,2023-05-12 15:30:00
637,2023-05-15 09:30:00
638,2023-05-15 10:30:00
639,2023-05-15 11:30:00
640,2023-05-15 12:30:00
641,2023-05-15 13:30:00
642,2023-05-15 14:30:00
643,2023-05-15 15:30:00
644,2023-05-16 09:30:00
645,2023-05-16 10:30:00
646,2023-05-16 11:30:00
647,2023-05-16 12:30:00
648,2023-05-16 13:30:00
649,2023-05-16 14:30:00
650,2023-05-16 15:30:00
651,2023-05-17 09:30:00
652,2023-05-17 10:30:00
653,2023-05-17 11:30:00
654,2023-05-17 12:30:00
655,2023-05-17 13:30:00
656,2023-05-17 14:30:00
657,2023-05-17 15:30:00
658,2023-05-18 09:30:00
659,2023-05-18 10:30:00
660,2023-05-18 11:30:00
661,2023-05-18 12:30:00
662,2023-05-18 13:30:00
663,2023-05-18 14:30:00
664,2023-05-18 15:30:00
665,2023-05-19 09:30:00
666,2023-05-19 10:30:00
667,2023-05-19 11:30:00
668,2023-05-19 12:30:00
669,2023-05-19 13:30:00
670,2023-05-19 14:30:00
671,2023-05-19 15:30:00
672,2023-05-22 09:30:00
673,2023-05-22 10:30:00
674,2023-05-22 11:30:00
675,2023-05-22 12:30:00
676,2023-05-22 13:30:00
677,2023-05-22 14:30:00
678,2023-05-22 15:30:00
679,2023-05-23 09:30:00
680,2023-05-23 10:30:00
681,2023-05-23 11:30:00
682,2023-05-23 12:30:00
683,2023-05-23 13:30:00
684,2023-05-23 14:30:00
685,2023-05-23 15:30:00
686,2023-05-24 09:30:00
687,2023-05-24 10:30:00
688,2023-05-24 11:30:00
689,2023-05-24 12:30:00
690,2023-05-24 13:30:00
691,2023-05-24 14:30:00
692,2023-05-24 15:30:00
693,2023-05-25 09:30:00
694,2023-05-25 10:30:00
695,2023-05-25 11:30:00
696,2023-05-25 12:30:00
697,2023-05-25 13:30:00
698,2023-05-25 14:30:00
699,2023-05-25 15:30:00
700,2023-05-26 09:30:00
701,2023-05-26 10:30:00
702,2023-05-26 11:30:00
703,2023-05-26 12:30:00
704,2023-05-26 13:30:00
705,2023-05-26 14:30:00
706,2023-05-26 15:30:00
707,2023-05-30 09:30:00
708,2023-05-30 10:30:00
709,2023-05-30 11:30:00
710,2023-05-30 12:30:00
711,2023-05-30 13:30:00
712,2023-05-30 14:30:00
713,2023-05-30 15:30:00
714,2023-05-31 09:30:00
715,2023-05-31 10:30:00
716,2023-05-31 11:30:00
717,2023-05-31 12:30:00
718,2023-05-31 13:30:00
719,2023-05-31 14:30:00
720,2023-05-31 15:30:00
721,2023-06-01 09:30:00
722,2023-06-01 10:30:00
723,2023-06-01 11:30:00
724,2023-06-01 12:30:00
725,2023-06-01 13:30:00
726,2023-06-01 14:30:00
727,2023-06-01 15:30:00
728,2023-06-02 09:30:00
729,2023-06-02 10:30:00
730,2023-06-02 11:30:00
731,2023-06-02 12:30:00
732,2023-06-02 13:30:00
733,2023-06-02 14:30:00
734,2023-06-02 15:30:00
735,2023-06-05 09:30:00
736,2023-06-05 10:30:00
737,2023-06-05 11:30:00
738,2023-06-05 12:30:00
739,2023-06-05 13:30:00
740,2023-06-05 14:30:00
741,2023-06-05 15:30:00
742,2023-06-06 09:30:00
743,2023-06-06 10:30:00
744,2023-06-06 11:30:00
745,2023-06-06 12:30:00
746,2023-06-06 13:30:00
747,2023-06-06 14:30:00
748,2023-06-06 15:30:00
749,2023-06-07 09:30:00
750,2023-06-07 10:30:00
751,2023-06-07 11:30:00
752,2023-06-07 12:30:00
753,2023-06-07 13:30:00
754,2023-06-07 14:30:00
755,2023-06-07 15:30:00
756,2023-06-08 09:30:00
757,2023-06-08 10:30:00
758,2023-06-08 11:30:00
759,2023-06-08 12:30:00
760,2023-06-08 13:30:00
761,2023-06-08 14:30:00
762,2023-06-08 15:30:00
763,2023-06-09 09:30:00
764,2023-06-09 10:30:00
765,2023-06-09 11:30:00
766,2023-06-09 12:30:00
767,2023-06-09 13:30:00
768,2023-06-09 14:30:00
769,2023-06-09 15:30:00
770,2023-06-12 09:30:00
771,2023-06-12 10:30:00
772,2023-06-12 11:30:00
773,2023-06-12 12:30:00
774,2023-06-12 13:30:00
775,2023-06-12 14:30:00
776,2023-06-12 15:30:00
777,2023-06-13 09:30:00
778,2023-06-13 10:30:00
779,2023-06-13 11:30:00
780,2023-06-13 12:30:00
781,2023-06-13 13:30:00
782,2023-06-13 14:30:00
783,2023-06-13 15:30:00
784,2023-06-14 09:30:00
785,2023-06-14 10:30:00
786,2023-06-14 11:30:00
787,2023-06-14 12:30:00
788,2023-06-14 13:30:00
789,2023-06-14 14:30:00
790,2023-06-14 15:30:00
791,2023-06-15 09:30:00
792,2023-06-15 10:30:00
793,2023-06-15 11:30:00
794,2023-06-15 12:30:00
795,2023-06-15 13:30:00
796,2023-06-15 14:30:00
797,2023-06-15 15:30:00
798,2023-06-16 09:30:00
799,2023-06-16 10:30:00
800,2023-06-16 11:30:00
801,2023-06-16 12:30:00
802,2023-06-16 13:30:00
803,2023-06-16 14:30:00
804,2023-06-16 15:30:00
805,2023-06-20 09:30:00
806,2023-06-20 10:30:00
807,2023-06-20 11:30:00
808,2023-06-20 12:30:00
809,2023-06-20 13:30:00
810,2023-06-20 14:30:00
811,2023-06-20 15:30:00
812,2023-06-21 09:30:00
813,2023-06-21 10:30:00
814,2023-06-21 11:30:00
815,2023-06-21 12:30:00
816,2023-06-21 13:30:00
817,2023-06-21 14:30:00
818,2023-06-21 15:30:00
819,2023-06-22 09:30:00
820,2023-06-22 10:30:00
821,2023-06-22 11:30:00
822,2023-06-22 12:30:00
823,2023-06-22 13:30:00
824,2023-06-22 14:30:00
825,2023-06-22 15:30:00
826,2023-06-23 09:30:00
827,2023-06-23 10:30:00
828,2023-06-23 11:30:00
829,2023-06-23 12:30:00
830,2023-06-23 13:30:00
831,2023-06-23 14:30:00
832,2023-06-23 15:30:00
833,2023-06-26 09:30:00
834,2023-06-26 10:30:00
835,2023-06-26 11:30:00
836,2023-06-26 12:30:00
837,2023-06-26 13:30:00
838,2023-06-26 14:30:00
839,2023-06-26 15:30:00
840,2023-06-27 09:30:00
841,2023-06-27 10:30:00
842,2023-06-27 11:30:00
843,2023-06-27 12:30:00
844,2023-06-27 13:30:00
845,2023-06-27 14:30:00
846,2023-06-27 15:30:00
847,2023-06-28 09:30:00
848,2023-06-28 10:30:00
849,2023-06-28 11:30:00
850,2023-06-28 12:30:00
851,2023-06-28 13:30:00
852,2023-06-28 14:30:00
853,2023-06-28 15:30:00
854,2023-06-29 09:30:00
855,2023-06-29 10:30:00
856,2023-06-29 11:30:00
857,2023-06-29 12:30:00
858,2023-06-29 13:30:00
859,2023-06-29 14:30:00
860,2023-06-29 15:30:00
861,2023-06-30 09:30:00
862,2023-06-30 10:30:00
863,2023-06-30 11:30:00
864,2023-06-30 12:30:00
865,2023-06-30 13:30:00
866,2023-06-30 14:30:00
867,2023-06-30 15:30:00
868,2023-07-03 09:30:00
869,2023-07-03 10:30:00
870,2023-07-03 11:30:00
871,2023-07-05 09:30:00
872,2023-07-05 10:30:00
873,2023-07-05 11:30:00
874,2023-07-05 12:30:00
875,2023-07-05 13:30:00
876,2023-07-05 14:30:00
877,2023-07-05 15:30:00
878,2023-07-06 09:30:00
879,2023-07-06 10:30:00
880,2023-07-06 11:30:00
881,2023-07-06 12:30:00
882,2023-07-06 13:30:00
883,2023-07-06 14:30:00
884,2023-07-06 15:30:00
885,2023-07-07 09:30:00
886,2023-07-07 10:30:00
887,2023-07-07 11:30:00
888,2023-07-07 12:30:00
889,2023-07-07 13:30:00
890,2023-07-07 14:30:00
891,2023-07-07 15:30:00
892,2023-07-10 09:30:00
893,2023-07-10 10:30:00
894,2023-07-10 11:30:00
895,2023-07-10 12:30:00
896,2023-07-10 13:30:00
897,2023-07-10 14:30:00
898,2023-07-10 15:30:00
899,2023-07-11 09:30:00
900,2023-07-11 10:30:00
901,2023-07-11 11:30:00
902,2023-07-11 12:30:00
903,2023-07-11 13:30:00
904,2023-07-11 14:30:00
905,2023-07-11 15:30:00
906,2023-07-12 09:30:00
907,2023-07-12 10:30:00
908,2023-07-12 11:30:00
909,2023-07-12 12:30:00
910,2023-07-12 13:30:00
911,2023-07-12 14:30:00
912,2023-07-12 15:30:00
913,2023-07-13 09:30:00
914,2023-07-13 10:30:00
915,2023-07-13 11:30:00
916,2023-07-13 12:30:00
917,2023-07-13 13:30:00
918,2023-07-13 14:30:00
919,2023-07-13 15:30:00
920,2023-07-14 09:30:00
921,2023-07-14 10:30:00
922,2023-07-14 11:30:00
923,2023-07-14 12:30:00
924,2023-07-14 13:30:00
925,2023-07-14 14:30:00
926,2023-07-14 15:30:00
927,2023-07-17 09:30:00
928,2023-07-17 10:30:00
929,2023-07-17 11:30:00
930,2023-07-17 12:30:00
931,2023-07-17 13:30:00
932,2023-07-17 14:30:00
933,2023-07-17 15:30:00
934,2023-07-18 09:30:00
935,2023-07-18 10:30:00
936,2023-07-18 11:30:00
937,2023-07-18 12:30:00
938,2023-07-18 13:30:00
939,2023-07-18 14:30:00
940,2023-07-18 15:30:00
941,2023-07-19 09:30:00
942,2023-07-19 10:30:00
943,2023-07-19 11:30:00
944,2023-07-19 12:30:00
945,2023-07-19 13:30:00
946,2023-07-19 14:30:00
947,2023-07-19 15:30:00
948,2023-07-20 09:30:00
949,2023-07-20 10:30:00
950,2023-07-20 11:30:00
951,2023-07-20 12:30:00
952,2023-07-20 13:30:00
953,2023-07-20 14:30:00
954,2023-07-20 15:30:00
955,2023-07-21 09:30:00
956,2023-07-21 10:30:00
957,2023-07-21 11:30:00
958,2023-07-21 12:30:00
959,2023-07-21 13:30:00
960,2023-07-21 14:30:00
961,2023-07-21 15:30:00
962,2023-07-24 09:30:00
963,2023-07-24 10:30:00
964,2023-07-24 11:30:00
965,2023-07-24 12:30:00
966,2023-07-24 13:30:00
967,2023-07-24 14:30:00
968,2023-07-24 15:30:00
969,2023-07-25 09:30:00
970,2023-07-25 10:30:00
971,2023-07-25 11:30:00
972,2023-07-25 12:30:00
973,2023-07-25 13:30:00
974,2023-07-25 14:30:00
975,2023-07-25 15:30:00
976,2023-07-26 09:30:00
977,2023-07-26 10:30:00
978,2023-07-26 11:30:00
979,2023-07-26 12:30:00
980,2023-07-26 13:30:00
981,2023-07-26 14:30:00
982,2023-07-26 15:30:00
983,2023-07-27 09:30:00
984,2023-07-27 10:30:00
985,2023-07-27 11:30:00
986,2023-07-27 12:30:00
987,2023-07-27 13:30:00
988,2023-07-27 14:30:00
989,2023-07-27 15:30:00
990,2023-07-28 09:30:00
991,2023-07-28 10:30:00
992,2023-07-28 11:30:00
993,2023-07-28 12:30:00
994,2023-07-28 13:30:00
995,2023-07-28 14:30:00
996,2023-07-28 15:30:00
997,2023-07-31 09:30:00
998,2023-07-31 10:30:00
999,2023-07-31 11:30:00
1000,2023-07-31 12:30:00
1001,2023-07-31 13:30:00
1002,2023-07-31 14:30:00
1003,2023-07-31 15:30:00
1004,2023-08-01 09:30:00
1005,2023-08-01 10:30:00
1006,2023-08-01 11:30:00
1007,2023-08-01 12:30:00
1008,2023-08-01 13:30:00
1009,2023-08-01 14:30:00
1010,2023-08-01 15:30:00
1011,2023-08-02 09:30:00
1012,2023-08-02 10:30:00
1013,2023-08-02 11:30:00
1014,2023-08-02 12:30:00
1015,2023-08-02 13:30:00
1016,2023-08-02 14:30:00
1017,2023-08-02 15:30:00
1018,2023-08-03 09:30:00
1019,2023-08-03 10:30:00
1020,2023-08-03 11:30:00
1021,2023-08-03 12:30:00
1022,2023-08-03 13:30:00
1023,2023-08-03 14:30:00
1024,2023-08-03 15:30:00
1025,2023-08-04 09:30:00
1026,2023-08-04 10:30:00
1027,2023-08-04 11:30:00
1028,2023-08-04 12:30:00
1029,2023-08-04 13:30:00
1030,2023-08-04 14:30:00
1031,2023-08-04 15:30:00
1032,2023-08-07 09:30:00
1033,2023-08-07 10:30:00
1034,2023-08-07 11:30:00
1035,2023-08-07 12:30:00
1036,2023-08-07 13:30:00
1037,2023-08-07 14:30:00
1038,2023-08-07 15:30:00
1039,2023-08-08 09:30:00
1040,2023-08-08 10:30:00
1041,2023-08-08 11:30:00
1042,2023-08-08 12:30:00
1043,2023-08-08 13:30:00
1044,2023-08-08 14:30:00
1045,2023-08-08 15:30:00
1046,2023-08-09 09:30:00
1047,2023-08-09 10:30:00
1048,2023-08-09 11:30:00
1049,2023-08-09 12:30:00
1050,2023-08-09 13:30:00
1051,2023-08-09 14:30:00
1052,2023-08-09 15:30:00
1053,2023-08-10 09:30:00
1054,2023-08-10 10:30:00
1055,2023-08-10 11:30:00
1056,2023-08-10 12:30:00
1057,2023-08-10 13:30:00
1058,2023-08-10 14:30:00
1059,2023-08-10 15:30:00
1060,2023-08-11 09:30:00
1061,2023-08-11 10:30:00
1062,2023-08-11 11:30:00
1063,2023-08-11 12:30:00
1064,2023-08-11 13:30:00
1065,2023-08-11 14:30:00
1066,2023-08-11 15:30:00
1067,2023-08-14 09:30:00
1068,2023-08-14 10:30:00
1069,2023-08-14 11:30:00
1070,2023-08-14 12:30:00
1071,2023-08-14 13:30:00
1072,2023-08-14 14:30:00
1073,2023-08-14 15:30:00
1074,2023-08-15 09:30:00
1075,2023-08-15 10:30:00
1076,2023-08-15 11:30:00
1077,2023-08-15 12:30:00
1078,2023-08-15 13:30:00
1079,2023-08-15 14:30:00
1080,2023-08-15 15:30:00
1081,2023-08-16 09:30:00
1082,2023-08-16 10:30:00
1083,2023-08-16 11:30:00
1084,2023-08-16 12:30:00
1085,2023-08-16 13:30:00
1086,2023-08-16 14:30:00
1087,2023-08-16 15:30:00
1088,2023-08-17 09:30:00
1089,2023-08-17 10:30:00
1090,2023-08-17 11:30:00
1091,2023-08-17 12:30:00
1092,2023-08-17 13:30:00
1093,2023-08-17 14:30:00
1094,2023-08-17 15:30:00
1095,2023-08-18 09:30:00
1096,2023-08-18 10:30:00
1097,2023-08-18 11:30:00
1098,2023-08-18 12:30:00
1099,2023-08-18 13:30:00
1100,2023-08-18 14:30:00
1101,2023-08-18 15:30:00
1102,2023-08-21 09:30:00
1103,2023-08-21 10:30:00
1104,2023-08-21 11:30:00
1105,2023-08-21 12:30:00
1106,2023-08-21 13:30:00
1107,2023-08-21 14:30:00
1108,2023-08-21 15:30:00
1109,2023-08-22 09:30:00
1110,2023-08-22 10:30:00
1111,2023-08-22 11:30:00
1112,2023-08-22 12:30:00
1113,2023-08-22 13:30:00
1114,2023-08-22 14:30:00
1115,2023-08-22 15:30:00
1116,2023-08-23 09:30:00
1117,2023-08-23 10:30:00
1118,2023-08-23 11:30:00
1119,2023-08-23 12:30:00
1120,2023-08-23 13:30:00
1121,2023-08-23 14:30:00
1122,2023-08-23 15:30:00
1123,2023-08-24 09:30:00
1124,2023-08-24 10:30:00
1125,2023-08-24 11:30:00
1126,2023-08-24 12:30:00
1127,2023-08-24 13:30:00
1128,2023-08-24 14:30:00
1129,2023-08-24 15:30:00
1130,2023-08-25 09:30:00
1131,2023-08-25 10:30:00
1132,2023-08-25 11:30:00
1133,2023-08-25 12:30:00
1134,2023-08-25 13:30:00
1135,2023-08-25 14:30:00
1136,2023-08-25 15:30:00
1137,2023-08-28 09:30:00
1138,2023-08-28 10:30:00
1139,2023-08-28 11:30:00
1140,2023-08-28 12:30:00
1141,2023-08-28 13:30:00
1142,2023-08-28 14:30:00
1143,2023-08-28 15:30:00
1144,2023-08-29 09:30:00
1145,2023-08-29 10:30:00
1146,2023-08-29 11:30:00
1147,2023-08-29 12:30:00
1148,2023-08-29 13:30:00
1149,2023-08-29 14:30:00
1150,2023-08-29 15:30:00
1151,2023-08-30 09:30:00
1152,2023-08-30 10:30:00
1153,2023-08-30 11:30:00
1154,2023-08-30 12:30:00
1155,2023-08-30 13:30:00
1156,2023-08-30 14:30:00
1157,2023-08-30 15:30:00
1158,2023-08-31 09:30:00
1159,2023-08-31 10:30:00
1160,2023-08-31 11:30:00
1161,2023-08-31 12:30:00
1162,2023-08-31 13:30:00
1163,2023-08-31 14:30:00
1164,2023-08-31 15:30:00
1165,2023-09-01 09:30:00
1166,2023-09-01 10:30:00
1167,2023-09-01 11:30:00
1168,2023-09-01 12:30:00
1169,2023-09-01 13:30:00
1170,2023-09-01 14:30:00
1171,2023-09-01 15:30:00
1172,2023-09-05 09:30:00
1173,2023-09-05 10:30:00
1174,2023-09-05 11:30:00
1175,2023-09-05 12:30:00
1176,2023-09-05 13:30:00
1177,2023-09-05 14:30:00
1178,2023-09-05 15:30:00
1179,2023-09-06 09:30:00
1180,2023-09-06 10:30:00
1181,2023-09-06 11:30:00
1182,2023-09-06 12:30:00
1183,2023-09-06 13:30:00
1184,2023-09-06 14:30:00
1185,2023-09-06 15:30:00
1186,2023-09-07 09:30:00
1187,2023-09-07 10:30:00
1188,2023-09-07 11:30:00
1189,2023-09-07 12:30:00
1190,2023-09-07 13:30:00
1191,2023-09-07 14:30:00
1192,2023-09-07 15:30:00
1193,2023-09-08 09:30:00
1194,2023-09-08 10:30:00
1195,2023-09-08 11:30:00
1196,2023-09-08 12:30:00
1197,2023-09-08 13:30:00
1198,2023-09-08 14:30:00
1199,2023-09-08 15:30:00
1200,2023-09-11 09:30:00
1201,2023-09-11 10:30:00
1202,2023-09-11 11:30:00
1203,2023-09-11 12:30:00
1204,2023-09-11 13:30:00
1205,2023-09-11 14:30:00
1206,2023-09-11 15:30:00
1207,2023-09-12 09:30:00
1208,2023-09-12 10:30:00
1209,2023-09-12 11:30:00
1210,2023-09-12 12:30:00
1211,2023-09-12 13:30:00
1212,2023-09-12 14:30:00
1213,2023-09-12 15:30:00
1214,2023-09-13 09:30:00
1215,2023-09-13 10:30:00
1216,2023-09-13 11:30:00
1217,2023-09-13 12:30:00
1218,2023-09-13 13:30:00
1219,2023-09-13 14:30:00
1220,2023-09-13 15:30:00
1221,2023-09-14 09:30:00
1222,2023-09-14 10:30:00
1223,2023-09-14 11:30:00
1224,2023-09-14 12:30:00
1225,2023-09-14 13:30:00
1226,2023-09-14 14:30:00
1227,2023-09-14 15:30:00
1228,2023-09-15 09:30:00
1229,2023-09-15 10:30:00
1230,2023-09-15 11:30:00
1231,2023-09-15 12:30:00
1232,2023-09-15 13:30:00
1233,2023-09-15 14:30:00
1234,2023-09-15 15:30:00
1235,2023-09-18 09:30:00
1236,2023-09-18 10:30:00
1237,2023-09-18 11:30:00
1238,2023-09-18 12:30:00
1239,2023-09-18 13:30:00
1240,2023-09-18 14:30:00
1241,2023-09-18 15:30:00
1242,2023-09-19 09:30:00
1243,2023-09-19 10:30:00
1244,2023-09-19 11:30:00
1245,2023-09-19 12:30:00
1246,2023-09-19 13:30:00
1247,2023-09-19 14:30:00
1248,2023-09-19 15:30:00
1249,2023-09-20 09:30:00
1250,2023-09-20 10:30:00
1251,2023-09-20 11:30:00
1252,2023-09-20 12:30:00
1253,2023-09-20 13:30:00
1254,2023-09-20 14:30:00
1255,2023-09-20 15:30:00
1256,2023-09-21 09:30:00
1257,2023-09-21 10:30:00
1258,2023-09-21 11:30:00
1259,2023-09-21 12:30:00
1260,2023-09-21 13:30:00
1261,2023-09-21 14:30:00
1262,2023-09-21 15:30:00
1263,2023-09-22 09:30:00
1264,2023-09-22 10:30:00
1265,2023-09-22 11:30:00
1266,2023-09-22 12:30:00
1267,2023-09-22 13:30:00
1268,2023-09-22 14:30:00
1269,2023-09-22 15:30:00
1270,2023-09-25 09:30:00
1271,2023-09-25 10:30:00
1272,2023-09-25 11:30:00
1273,2023-09-25 12:30:00
1274,2023-09-25 13:30:00
1275,2023-09-25 14:30:00
1276,2023-09-25 15:30:00
1277,2023-09-26 09:30:00
1278,2023-09-26 10:30:00
1279,2023-09-26 11:30:00
1280,2023-09-26 12:30:00
1281,2023-09-26 13:30:00
1282,2023-09-26 14:30:00
1283,2023-09-26 15:30:00
1284,2023-09-27 09:30:00
1285,2023-09-27 10:30:00
1286,2023-09-27 11:30:00
1287,2023-09-27 12:30:00
1288,2023-09-27 13:30:00
1289,2023-09-27 14:30:00
1290,2023-09-27 15:30:00
1291,2023-09-28 09:30:00
1292,2023-09-28 10:30:00
1293,2023-09-28 11:30:00
1294,2023-09-28 12:30:00
1295,2023-09-28 13:30:00
1296,2023-09-28 14:30:00
1297,2023-09-28 15:30:00
1298,2023-09-29 09:30:00
1299,2023-09-29 10:30:00
1300,2023-09-29 11:30:00
1301,2023-09-29 12:30:00
1302,2023-09-29 13:30:00
1303,2023-09-29 14:30:00
1304,2023-09-29 15:30:00
1305,2023-10-02 09:30:00
1306,2023-10-02 10:30:00
1307,2023-10-02 11:30:00
1308,2023-10-02 12:30:00
1309,2023-10-02 13:30:00
1310,2023-10-02 14:30:00
1311,2023-10-02 15:30:00
1312,2023-10-03 09:30:00
1313,2023-10-03 10:30:00
1314,2023-10-03 11:30:00
1315,2023-10-03 12:30:00
1316,2023-10-03 13:30:00
1317,2023-10-03 14:30:00
1318,2023-10-03 15:30:00
1319,2023-10-04 09:30:00
1320,2023-10-04 10:30:00
1321,2023-10-04 11:30:00
1322,2023-10-04 12:30:00
1323,2023-10-04 13:30:00
1324,2023-10-04 14:30:00
1325,2023-10-04 15:30:00
1326,2023-10-05 09:30:00
1327,2023-10-05 10:30:00
1328,2023-10-05 11:30:00
1329,2023-10-05 12:30:00
1330,2023-10-05 13:30:00
1331,2023-10-05 14:30:00
1332,2023-10-05 15:30:00
1333,2023-10-06 09:30:00
1334,2023-10-06 10:30:00
1335,2023-10-06 11:30:00
1336,2023-10-06 12:30:00
1337,2023-10-06 13:30:00
1338,2023-10-06 14:30:00
1339,2023-10-06 15:30:00
1340,2023-10-09 09:30:00
1341,2023-10-09 10:30:00
1342,2023-10-09 11:30:00
1343,2023-10-09 12:30:00
1344,2023-10-09 13:30:00
1345,2023-10-09 14:30:00
1346,2023-10-09 15:30:00
1347,2023-10-10 09:30:00
1348,2023-10-10 10:30:00
1349,2023-10-10 11:30:00
1350,2023-10-10 12:30:00
1351,2023-10-10 13:30:00
1352,2023-10-10 14:30:00
1353,2023-10-10 15:30:00
1354,2023-10-11 09:30:00
1355,2023-10-11 10:30:00
1356,2023-10-11 11:30:00
1357,2023-10-11 12:30:00
1358,2023-10-11 13:30:00
1359,2023-10-11 14:30:00
1360,2023-10-11 15:30:00
1361,2023-10-12 09:30:00
1362,2023-10-12 10:30:00
1363,2023-10-12 11:30:00
1364,2023-10-12 12:30:00
1365,2023-10-12 13:30:00
1366,2023-10-12 14:30:00
1367,2023-10-12 15:30:00
1368,2023-10-13 09:30:00
1369,2023-10-13 10:30:00
1370,2023-10-13 11:30:00
1371,2023-10-13 12:30:00
1372,2023-10-13 13:30:00
1373,2023-10-13 14:30:00
1374,2023-10-13 15:30:00
1375,2023-10-16 09:30:00
1376,2023-10-16 10:30:00
1377,2023-10-16 11:30:00
1378,2023-10-16 12:30:00
1379,2023-10-16 13:30:00
1380,2023-10-16 14:30:00
1381,2023-10-16 15:30:00
1382,2023-10-17 09:30:00
1383,2023-10-17 10:30:00
1384,2023-10-17 11:30:00
1385,2023-10-17 12:30:00
1386,2023-10-17 13:30:00
1387,2023-10-17 14:30:00
1388,2023-10-17 15:30:00
1389,2023-10-18 09:30:00
1390,2023-10-18 10:30:00
1391,2023-10-18 11:30:00
1392,2023-10-18 12:30:00
1393,2023-10-18 13:30:00
1394,2023-10-18 14:30:00
1395,2023-10-18 15:30:00
1396,2023-10-19 09:30:00
1397,2023-10-19 10:30:00
1398,2023-10-19 11:30:00
1399,2023-10-19 12:30:00
1400,2023-10-19 13:30:00
1401,2023-10-19 14:30:00
1402,2023-10-19 15:30:00
1403,2023-10-20 09:30:00
1404,2023-10-20 10:30:00
1405,2023-10-20 11:30:00
1406,2023-10-20 12:30:00
1407,2023-10-20 13:30:00
1408,2023-10-20 14:30:00
1409,2023-10-20 15:30:00
1410,2023-10-23 09:30:00
1411,2023-10-23 10:30:00
1412,2023-10-23 11:30:00
1413,2023-10-23 12:30:00
1414,2023-10-23 13:30:00
1415,2023-10-23 14:30:00
1416,2023-10-23 15:30:00
1417,2023-10-24 09:30:00
1418,2023-10-24 10:30:00
1419,2023-10-24 11:30:00
1420,2023-10-24 12:30:00
1421,2023-10-24 13:30:00
1422,2023-10-24 14:30:00
1423,2023-10-24 15:30:00
1424,2023-10-25 09:30:00
1425,2023-10-25 10:30:00
1426,2023-10-25 11:30:00
1427,2023-10-25 12:30:00
1428,2023-10-25 13:30:00
1429,2023-10-25 14:30:00
1430,2023-10-25 15:30:00
1431,2023-10-26 09:30:00
1432,2023-10-26 10:30:00
1433,2023-10-26 11:30:00
1434,2023-10-26 12:30:00
1435,2023-10-26 13:30:00
1436,2023-10-26 14:30:00
1437,2023-10-26 15:30:00
1438,2023-10-27 09:30:00
1439,2023-10-27 10:30:00
1440,2023-10-27 11:30:00
1441,2023-10-27 12:30:00
1442,2023-10-27 13:30:00
1443,2023-10-27 14:30:00
1444,2023-10-27 15:30:00
1445,2023-10-30 09:30:00
1446,2023-10-30 10:30:00
1447,2023-10-30 11:30:00
1448,2023-10-30 12:30:00
1449,2023-10-30 13:30:00
1450,2023-10-30 14:30:00
1451,2023-10-30 15:30:00
1452,2023-10-31 09:30:00
1453,2023-10-31 10:30:00
1454,2023-10-31 11:30:00
1455,2023-10-31 12:30:00
1456,2023-10-31 13:30:00
1457,2023-10-31 14:30:00
1458,2023-10-31 15:30:00
1459,2023-11-01 09:30:00
1460,2023-11-01 10:30:00
1461,2023-11-01 11:30:00
1462,2023-11-01 12:30:00
1463,2023-11-01 13:30:00
1464,2023-11-01 14:30:00
1465,2023-11-01 15:30:00
1466,2023-11-02 09:30:00
1467,2023-11-02 10:30:00
1468,2023-11-02 11:30:00
1469,2023-11-02 12:30:00
1470,2023-11-02 13:30:00
1471,2023-11-02 14:30:00
1472,2023-11-02 15:30:00
1473,2023-11-03 09:30:00
1474,2023-11-03 10:30:00
1475,2023-11-03 11:30:00
1476,2023-11-03 12:30:00
1477,2023-11-03 13:30:00
1478,2023-11-03 14:30:00
1479,2023-11-03 15:30:00
1480,2023-11-06 09:30:00
1481,2023-11-06 10:30:00
1482,2023-11-06 11:30:00
1483,2023-11-06 12:30:00
1484,2023-11-06 13:30:00
1485,2023-11-06 14:30:00
1486,2023-11-06 15:30:00
1487,2023-11-07 09:30:00
1488,2023-11-07 10:30:00
1489,2023-11-07 11:30:00
1490,2023-11-07 12:30:00
1491,2023-11-07 13:30:00
1492,2023-11-07 14:30:00
1493,2023-11-07 15:30:00
1494,2023-11-08 09:30:00
1495,2023-11-08 10:30:00
1496,2023-11-08 11:30:00
1497,2023-11-08 12:30:00
1498,2023-11-08 13:30:00
1499,2023-11-08 14:30:00
1500,2023-11-08 15:30:00
1501,2023-11-09 09:30:00
1502,2023-11-09 10:30:00
1503,2023-11-09 11:30:00
1504,2023-11-09 12:30:00
1505,2023-11-09 13:30:00
1506,2023-11-09 14:30:00
1507,2023-11-09 15:30:00
1508,2023-11-10 09:30:00
1509,2023-11-10 10:30:00
1510,2023-11-10 11:30:00
1511,2023-11-10 12:30:00
1512,2023-11-10 13:30:00
1513,2023-11-10 14:30:00
1514,2023-11-10 15:30:00
1515,2023-11-13 09:30:00
1516,2023-11-13 10:30:00
1517,2023-11-13 11:30:00
1518,2023-11-13 12:30:00
1519,2023-11-13 13:30:00
1520,2023-11-13 14:30:00
1521,2023-11-13 15:30:00
1522,2023-11-14 09:30:00
1523,2023-11-14 10:30:00
1524,2023-11-14 11:30:00
1525,2023-11-14 12:30:00
1526,2023-11-14 13:30:00
1527,2023-11-14 14:30:00
1528,2023-11-14 15:30:00
1529,2023-11-15 09:30:00
1530,2023-11-15 10:30:00
1531,2023-11-15 11:30:00
1532,2023-11-15 12:30:00
1533,2023-11-15 13:30:00
1534,2023-11-15 14:30:00
1535,2023-11-15 15:30:00
1536,2023-11-16 09:30:00
1537,2023-11-16 10:30:00
1538,2023-11-16 11:30:00
1539,2023-11-16 12:30:00
1540,2023-11-16 13:30:00
1541,2023-11-16 14:30:00
1542,2023-11-16 15:30:00
1543,2023-11-17 09:30:00
1544,2023-11-17 10:30:00
1545,2023-11-17 11:30:00
1546,2023-11-17 12:30:00
1547,2023-11-17 13:30:00
1548,2023-11-17 14:30:00
1549,2023-11-17 15:30:00
1550,2023-11-20 09:30:00
1551,2023-11-20 10:30:00
1552,2023-11-20 11:30:00
1553,2023-11-20 12:30:00
1554,2023-11-20 13:30:00
1555,2023-11-20 14:30:00
1556,2023-11-20 15:30:00
1557,2023-11-21 09:30:00
1558,2023-11-21 10:30:00
1559,2023-11-21 11:30:00
1560,2023-11-21 12:30:00
1561,2023-11-21 13:30:00
1562,2023-11-21 14:30:00
1563,2023-11-21 15:30:00
1564,2023-11-22 09:30:00
1565,2023-11-22 10:30:00
1566,2023-11-22 11:30:00
1567,2023-11-22 12:30:00
1568,2023-11-22 13:30:00
1569,2023-11-22 14:30:00
1570,2023-11-22 15:30:00
1571,2023-11-24 09:30:00
1572,2023-11-24 10:30:00
1573,2023-11-24 11:30:00
1574,2023-11-27 09:30:00
1575,2023-11-27 10:30:00
1576,2023-11-27 11:30:00
1577,2023-11-27 12:30:00
1578,2023-11-27 13:30:00
1579,2023-11-27 14:30:00
1580,2023-11-27 15:30:00
1581,2023-11-28 09:30:00
1582,2023-11-28 10:30:00
1583,2023-11-28 11:30:00
1584,2023-11-28 12:30:00
1585,2023-11-28 13:30:00
1586,2023-11-28 14:30:00
1587,2023-11-28 15:30:00
1588,2023-11-29 09:30:00
1589,2023-11-29 10:30:00
1590,2023-11-29 11:30:00
1591,2023-11-29 12:30:00
1592,2023-11-29 13:30:00
1593,2023-11-29 14:30:00
1594,2023-11-29 15:30:00
1595,2023-11-30 09:30:00
1596,2023-11-30 10:30:00
1597,2023-11-30 11:30:00
1598,2023-11-30 12:30:00
1599,2023-11-30 13:30:00
1600,2023-11-30 14:30:00
1601,2023-11-30 15:30:00
1602,2023-12-01 09:30:00
1603,2023-12-01 10:30:00
1604,2023-12-01 11:30:00
1605,2023-12-01 12:30:00
1606,2023-12-01 13:30:00
1607,2023-12-01 14:30:00
1608,2023-12-01 15:30:00
1609,2023-12-04 09:30:00
1610,2023-12-04 10:30:00
1611,2023-12-04 11:30:00
1612,2023-12-04 12:30:00
1613,2023-12-04 13:30:00
1614,2023-12-04 14:30:00
1615,2023-12-04 15:30:00
1616,2023-12-05 09:30:00
1617,2023-12-05 10:30:00
1618,2023-12-05 11:30:00
1619,2023-12-05 12:30:00
1620,2023-12-05 13:30:00
1621,2023-12-05 14:30:00
1622,2023-12-05 15:30:00
1623,2023-12-06 09:30:00
1624,2023-12-06 10:30:00
1625,2023-12-06 11:30:00
1626,2023-12-06 12:30:00
1627,2023-12-06 13:30:00
1628,2023-12-06 14:30:00
1629,2023-12-06 15:30:00
1630,2023-12-07 09:30:00
1631,2023-12-07 10:30:00
1632,2023-12-07 11:30:00
1633,2023-12-07 12:30:00
1634,2023-12-07 13:30:00
1635,2023-12-07 14:30:00
1636,2023-12-07 15:30:00
1637,2023-12-08 09:30:00
1638,2023-12-08 10:30:00
1639,2023-12-08 11:30:00
1640,2023-12-08 12:30:00
1641,2023-12-08 13:30:00
1642,2023-12-08 14:30:00
1643,2023-12-08 15:30:00
1644,2023-12-11 09:30:00
1645,2023-12-11 10:30:00
1646,2023-12-11 11:30:00
1647,2023-12-11 12:30:00
1648,2023-12-11 13:30:00
1649,2023-12-11 14:30:00
1650,2023-12-11 15:30:00
1651,2023-12-12 09:30:00
1652,2023-12-12 10:30:00
1653,2023-12-12 11:30:00
1654,2023-12-12 12:30:00
1655,2023-12-12 13:30:00
1656,2023-12-12 14:30:00
1657,2023-12-12 15:30:00
1658,2023-12-13 09:30:00
1659,2023-12-13 10:30:00
1660,2023-12-13 11:30:00
1661,2023-12-13 12:30:00
1662,2023-12-13 13:30:00
1663,2023-12-13 14:30:00
1664,2023-12-13 15:30:00
1665,2023-12-14 09:30:00
1666,2023-12-14 10:30:00
1667,2023-12-14 11:30:00
1668,2023-12-14 12:30:00
1669,2023-12-14 13:30:00
1670,2023-12-14 14:30:00
1671,2023-12-14 15:30:00
1672,2023-12-15 09:30:00
1673,2023-12-15 10:30:00
1674,2023-12-15 11:30:00
1675,2023-12-15 12:30:00
1676,2023-12-15 13:30:00
1677,2023-12-15 14:30:00
1678,2023-12-15 15:30:00
1679,2023-12-18 09:30:00
1680,2023-12-18 10:30:00
1681,2023-12-18 11:30:00
1682,2023-12-18 12:30:00
1683,2023-12-18 13:30:00
1684,2023-12-18 14:30:00
1685,2023-12-18 15:30:00
1686,2023-12-19 09:30:00
1687,2023-12-19 10:30:00
1688,2023-12-19 11:30:00
1689,2023-12-19 12:30:00
1690,2023-12-19 13:30:00
1691,2023-12-19 14:30:00
1692,2023-12-19 15:30:00
1693,2023-12-20 09:30:00
1694,2023-12-20 10:30:00
1695,2023-12-20 11:30:00
1696,2023-12-20 12:30:00
1697,2023-12-20 13:30:00
1698,2023-12-20 14:30:00
1699,2023-12-20 15:30:00
1700,2023-12-21 09:30:00
1701,2023-12-21 10:30:00
1702,2023-12-21 11:30:00
1703,2023-12-21 12:30:00
1704,2023-12-21 13:30:00
1705,2023-12-21 14:30:00
1706,2023-12-21 15:30:00
1707,2023-12-22 09:30:00
1708,2023-12-22 10:30:00
1709,2023-12-22 11:30:00
1710,2023-12-22 12:30:00
1711,2023-12-22 13:30:00
1712,2023-12-22 14:30:00
1713,2023-12-22 15:30:00
1714,2023-12-26 09:30:00
1715,2023-12-26 10:30:00
1716,2023-12-26 11:30:00
1717,2023-12-26 12:30:00
1718,2023-12-26 13:30:00
1719,2023-12-26 14:30:00
1720,2023-12-26 15:30:00
1721,2023-12-27 09:30:00
1722,2023-12-27 10:30:00
1723,2023-12-27 11:30:00
1724,2023-12-27 12:30:00
1725,2023-12-27 13:30:00
1726,2023-12-27 14:30:00
1727,2023-12-27 15:30:00
1728,2023-12-28 09:30:00
1729,2023-12-28 10:30:00
1730,2023-12-28 11:30:00
1731,2023-12-28 12:30:00
1732,2023-12-28 13:30:00
1733,2023-12-28 14:30:00
1734,2023-12-28 15:30:00
1735,2023-12-29 09:30:00
1736,2023-12-29 10:30:00
1737,2023-12-29 11:30:00
1738,2023-12-29 12:30:00
1739,2023-12-29 13:30:00
1740,2023-12-29 14:30:00
1741,2023-12-29 15:30:00
1742,2024-01-02 09:30:00
1743,2024-01-02 10:30:00
1744,2024-01-02 11:30:00
1745,2024-01-02 12:30:00
1746,2024-01-02 13:30:00
1747,2024-01-02 14:30:00
1748,2024-01-02 15:30:00
1749,2024-01-03 09:30:00
1750,2024-01-03 10:30:00
1751,2024-01-03 11:30:00
1752,2024-01-03 12:30:00
1753,2024-01-03 13:30:00
1754,2024-01-03 14:30:00
1755,2024-01-03 15:30:00
1756,2024-01-04 09:30:00
1757,2024-01-04 10:30:00
1758,2024-01-04 11:30:00
1759,2024-01-04 12:30:00
1760,2024-01-04 13:30:00
1761,2024-01-04 14:30:00
1762,2024-01-04 15:30:00
1763,2024-01-05 09:30:00
1764,2024-01-05 10:30:00
1765,2024-01-05 11:30:00
1766,2024-01-05 12:30:00
1767,2024-01-05 13:30:00
1768,2024-01-05 14:30:00
1769,2024-01-05 15:30:00
1770,2024-01-08 09:30:00
1771,2024-01-08 10:30:00
1772,2024-01-08 11:30:00
1773,2024-01-08 12:30:00
1774,2024-01-08 13:30:00
1775,2024-01-08 14:30:00
1776,2024-01-08 15:30:00
1777,2024-01-09 09:30:00
1778,2024-01-09 10:30:00
1779,2024-01-09 11:30:00
1780,2024-01-09 12:30:00
1781,2024-01-09 13:30:00
1782,2024-01-09 14:30:00
1783,2024-01-09 15:30:00
1784,2024-01-10 09:30:00
1785,2024-01-10 10:30:00
1786,2024-01-10 11:30:00
1787,2024-01-10 12:30:00
1788,2024-01-10 13:30:00
1789,2024-01-10 14:30:00
1790,2024-01-10 15:30:00
1791,2024-01-11 09:30:00
1792,2024-01-11 10:30:00
1793,2024-01-11 11:30:00
1794,2024-01-11 12:30:00
1795,2024-01-11 13:30:00
1796,2024-01-11 14:30:00
1797,2024-01-11 15:30:00
1798,2024-01-12 09:30:00
1799,2024-01-12 10:30:00
1800,2024-01-12 11:30:00
1801,2024-01-12 12:30:00
1802,2024-01-12 13:30:00
1803,2024-01-12 14:30:00
1804,2024-01-12 15:30:00
1805,2024-01-16 09:30:00
1806,2024-01-16 10:30:00
1807,2024-01-16 11:30:00
1808,2024-01-16 12:30:00
1809,2024-01-16 13:30:00
1810,2024-01-16 14:30:00
1811,2024-01-16 15:30:00
1812,2024-01-17 09:30:00
1813,2024-01-17 10:30:00
1814,2024-01-17 11:30:00
1815,2024-01-17 12:30:00
1816,2024-01-17 13:30:00
1817,2024-01-17 14:30:00
1818,2024-01-17 15:30:00
1819,2024-01-18 09:30:00
1820,2024-01-18 10:30:00
1821,2024-01-18 11:30:00
1822,2024-01-18 12:30:00
1823,2024-01-18 13:30:00
1824,2024-01-18 14:30:00
1825,2024-01-18 15:30:00
1826,2024-01-19 09:30:00
1827,2024-01-19 10:30:00
1828,2024-01-19 11:30:00
1829,2024-01-19 12:30:00
1830,2024-01-19 13:30:00
1831,2024-01-19 14:30:00
1832,2024-01-19 15:30:00
1833,2024-01-22 09:30:00
1834,2024-01-22 10:30:00
1835,2024-01-22 11:30:00
1836,2024-01-22 12:30:00
1837,2024-01-22 13:30:00
1838,2024-01-22 14:30:00
1839,2024-01-22 15:30:00
1840,2024-01-23 09:30:00
1841,2024-01-23 10:30:00
1842,2024-01-23 11:30:00
1843,2024-01-23 12:30:00
1844,2024-01-23 13:30:00
1845,2024-01-23 14:30:00
1846,2024-01-23 15:30:00
1847,2024-01-24 09:30:00
1848,2024-01-24 10:30:00
1849,2024-01-24 11:30:00
1850,2024-01-24 12:30:00
1851,2024-01-24 13:30:00
1852,2024-01-24 14:30:00
1853,2024-01-24 15:30:00
1854,2024-01-25 09:30:00
1855,2024-01-25 10:30:00
1856,2024-01-25 11:30:00
1857,2024-01-25 12:30:00
1858,2024-01-25 13:30:00
1859,2024-01-25 14:30:00
1860,2024-01-25 15:30:00
1861,2024-01-26 09:30:00
1862,2024-01-26 10:30:00
1863,2024-01-26 11:30:00
1864,2024-01-26 12:30:00
1865,2024-01-26 13:30:00
1866,2024-01-26 14:30:00
1867,2024-01-26 15:30:00
1868,2024-01-29 09:30:00
1869,2024-01-29 10:30:00
1870,2024-01-29 11:30:00
1871,2024-01-29 12:30:00
1872,2024-01-29 13:30:00
1873,2024-01-29 14:30:00
1874,2024-01-29 15:30:00
1875,2024-01-30 09:30:00
1876,2024-01-30 10:30:00
1877,2024-01-30 11:30:00
1878,2024-01-30 12:30:00
1879,2024-01-30 13:30:00
1880,2024-01-30 14:30:00
1881,2024-01-30 15:30:00
1882,2024-01-31 09:30:00
1883,2024-01-31 10:30:00
1884,2024-01-31 11:30:00
1885,2024-01-31 12:30:00
1886,2024-01-31 13:30:00
1887,2024-01-31 14:30:00
1888,2024-01-31 15:30:00
1889,2024-02-01 09:30:00
1890,2024-02-01 10:30:00
1891,2024-02-01 11:30:00
1892,2024-02-01 12:30:00
1893,2024-02-01 13:30:00
1894,2024-02-01 14:30:00
1895,2024-02-01 15:30:00
1896,2024-02-02 09:30:00
1897,2024-02-02 10:30:00
1898,2024-02-02 11:30:00
1899,2024-02-02 12:30:00
1900,2024-02-02 13:30:00
1901,2024-02-02 14:30:00
1902,2024-02-02 15:30:00
1903,2024-02-05 09:30:00
1904,2024-02-05 10:30:00
1905,2024-02-05 11:30:00
1906,2024-02-05 12:30:00
1907,2024-02-05 13:30:00
1908,2024-02-05 14:30:00
1909,2024-02-05 15:30:00
1910,2024-02-06 09:30:00
1911,2024-02-06 10:30:00
1912,2024-02-06 11:30:00
1913,2024-02-06 12:30:00
1914,2024-02-06 13:30:00
1915,2024-02-06 14:30:00
1916,2024-02-06 15:30:00
1917,2024-02-07 09:30:00
1918,2024-02-07 10:30:00
1919,2024-02-07 11:30:00
1920,2024-02-07 12:30:00
1921,2024-02-07 13:30:00
1922,2024-02-07 14:30:00
1923,2024-02-07 15:30:00
1924,2024-02-08 09:30:00
1925,2024-02-08 10:30:00
1926,2024-02-08 11:30:00
1927,2024-02-08 12:30:00
1928,2024-02-08 13:30:00
1929,2024-02-08 14:30:00
1930,2024-02-08 15:30:00
1931,2024-02-09 09:30:00
1932,2024-02-09 10:30:00
1933,2024-02-09 11:30:00
1934,2024-02-09 12:30:00
1935,2024-02-09 13:30:00
1936,2024-02-09 14:30:00
1937,2024-02-09 15:30:00
1938,2024-02-12 09:30:00
1939,2024-02-12 10:30:00
1940,2024-02-12 11:30:00
1941,2024-02-12 12:30:00
1942,2024-02-12 13:30:00
1943,2024-02-12 14:30:00
1944,2024-02-12 15:30:00
1945,2024-02-13 09:30:00
1946,2024-02-13 10:30:00
1947,2024-02-13 11:30:00
1948,2024-02-13 12:30:00
1949,2024-02-13 13:30:00
1950,2024-02-13 14:30:00
1951,2024-02-13 15:30:00
1952,2024-02-14 09:30:00
1953,2024-02-14 10:30:00
1954,2024-02-14 11:30:00
1955,2024-02-14 12:30:00
1956,2024-02-14 13:30:00
1957,2024-02-14 14:30:00
1958,2024-02-14 15:30:00
1959,2024-02-15 09:30:00
1960,2024-02-15 10:30:00
1961,2024-02-15 11:30:00
1962,2024-02-15 12:30:00
1963,2024-02-15 13:30:00
1964,2024-02-15 14:30:00
1965,2024-02-15 15:30:00
1966,2024-02-16 09:30:00
1967,2024-02-16 10:30:00
1968,2024-02-16 11:30:00
1969,2024-02-16 12:30:00
1970,2024-02-16 13:30:00
1971,2024-02-16 14:30:00
1972,2024-02-16 15:30:00
1973,2024-02-20 09:30:00
1974,2024-02-20 10:30:00
1975,2024-02-20 11:30:00
1976,2024-02-20 12:30:00
1977,2024-02-20 13:30:00
1978,2024-02-20 14:30:00
1979,2024-02-20 15:30:00
1980,2024-02-21 09:30:00
1981,2024-02-21 10:30:00
1982,2024-02-21 11:30:00
1983,2024-02-21 12:30:00
1984,2024-02-21 13:30:00
1985,2024-02-21 14:30:00
1986,2024-02-21 15:30:00
1987,2024-02-22 09:30:00
1988,2024-02-22 10:30:00
1989,2024-02-22 11:30:00
1990,2024-02-22 12:30:00
1991,2024-02-22 13:30:00
1992,2024-02-22 14:30:00
1993,2024-02-22 15:30:00
1994,2024-02-23 09:30:00
1995,2024-02-23 10:30:00
1996,2024-02-23 11:30:00
1997,2024-02-23 12:30:00
1998,2024-02-23 13:30:00
1999,2024-02-23 14:30:00
2000,2024-02-23 15:30:00
2001,2024-02-26 09:30:00
2002,2024-02-26 10:30:00
2003,2024-02-26 11:30:00
2004,2024-02-26 12:30:00
2005,2024-02-26 13:30:00
2006,2024-02-26 14:30:00
2007,2024-02-26 15:30:00
2008,2024-02-27 09:30:00
2009,2024-02-27 10:30:00
2010,2024-02-27 11:30:00
2011,2024-02-27 12:30:00
2012,2024-02-27 13:30:00
2013,2024-02-27 14:30:00
2014,2024-02-27 15:30:00
2015,2024-02-28 09:30:00
2016,2024-02-28 10:30:00
2017,2024-02-28 11:30:00
2018,2024-02-28 12:30:00
2019,2024-02-28 13:30:00
2020,2024-02-28 14:30:00
2021,2024-02-28 15:30:00
2022,2024-02-29 09:30:00
2023,2024-02-29 10:30:00
2024,2024-02-29 11:30:00
2025,2024-02-29 12:30:00
2026,2024-02-29 13:30:00
2027,2024-02-29 14:30:00
2028,2024-02-29 15:30:00
2029,2024-03-01 09:30:00
2030,2024-03-01 10:30:00
2031,2024-03-01 11:30:00
2032,2024-03-01 12:30:00
2033,2024-03-01 13:30:00
2034,2024-03-01 14:30:00
2035,2024-03-01 15:30:00
2036,2024-03-04 09:30:00
2037,2024-03-04 10:30:00
2038,2024-03-04 11:30:00
2039,2024-03-04 12:30:00
2040,2024-03-04 13:30:00
2041,2024-03-04 14:30:00
2042,2024-03-04 15:30:00
2043,2024-03-05 09:30:00
2044,2024-03-05 10:30:00
2045,2024-03-05 11:30:00
2046,2024-03-05 12:30:00
2047,2024-03-05 13:30:00
2048,2024-03-05 14:30:00
2049,2024-03-05 15:30:00
2050,2024-03-06 09:30:00
2051,2024-03-06 10:30:00
2052,2024-03-06 11:30:00
2053,2024-03-06 12:30:00
2054,2024-03-06 13:30:00
2055,2024-03-06 14:30:00
2056,2024-03-06 15:30:00
2057,2024-03-07 09:30:00
2058,2024-03-07 10:30:00
2059,2024-03-07 11:30:00
2060,2024-03-07 12:30:00
2061,2024-03-07 13:30:00
2062,2024-03-07 14:30:00
2063,2024-03-07 15:30:00
2064,2024-03-08 09:30:00
2065,2024-03-08 10:30:00
2066,2024-03-08 11:30:00
2067,2024-03-08 12:30:00
2068,2024-03-08 13:30:00
2069,2024-03-08 14:30:00
2070,2024-03-08 15:30:00
2071,2024-03-11 09:30:00
2072,2024-03-11 10:30:00
2073,2024-03-11 11:30:00
2074,2024-03-11 12:30:00
2075,2024-03-11 13:30:00
2076,2024-03-11 14:30:00
2077,2024-03-11 15:30:00
2078,2024-03-12 09:30:00
2079,2024-03-12 10:30:00
2080,2024-03-12 11:30:00
2081,2024-03-12 12:30:00
2082,2024-03-12 13:30:00
2083,2024-03-12 14:30:00
2084,2024-03-12 15:30:00
2085,2024-03-13 09:30:00
2086,2024-03-13 10:30:00
2087,2024-03-13 11:30:00
2088,2024-03-13 12:30:00
2089,2024-03-13 13:30:00
2090,2024-03-13 14:30:00
2091,2024-03-13 15:30:00
2092,2024-03-14 09:30:00
2093,2024-03-14 10:30:00
2094,2024-03-14 11:30:00
2095,2024-03-14 12:30:00
2096,2024-03-14 13:30:00
2097,2024-03-14 14:30:00
2098,2024-03-14 15:30:00
2099,2024-03-15 09:30:00
2100,2024-03-15 10:30:00
2101,2024-03-15 11:30:00
2102,2024-03-15 12:30:00
2103,2024-03-15 13:30:00
2104,2024-03-15 14:30:00
2105,2024-03-15 15:30:00
2106,2024-03-18 09:30:00
2107,2024-03-18 10:30:00
2108,2024-03-18 11:30:00
2109,2024-03-18 12:30:00
2110,2024-03-18 13:30:00
2111,2024-03-18 14:30:00
2112,2024-03-18 15:30:00
2113,2024-03-19 09:30:00
2114,2024-03-19 10:30:00
2115,2024-03-19 11:30:00
2116,2024-03-19 12:30:00
2117,2024-03-19 13:30:00
2118,2024-03-19 14:30:00
2119,2024-03-19 15:30:00
2120,2024-03-20 09:30:00
2121,2024-03-20 10:30:00
2122,2024-03-20 11:30:00
2123,2024-03-20 12:30:00
2124,2024-03-20 13:30:00
2125,2024-03-20 14:30:00
2126,2024-03-20 15:30:00
2127,2024-03-21 09:30:00
2128,2024-03-21 10:30:00
2129,2024-03-21 11:30:00
2130,2024-03-21 12:30:00
2131,2024-03-21 13:30:00
2132,2024-03-21 14:30:00
2133,2024-03-21 15:30:00
2134,2024-03-22 09:30:00
2135,2024-03-22 10:30:00
2136,2024-03-22 11:30:00
2137,2024-03-22 12:30:00
2138,2024-03-22 13:30:00
2139,2024-03-22 14:30:00
2140,2024-03-22 15:30:00
2141,2024-03-25 09:30:00
2142,2024-03-25 10:30:00
2143,2024-03-25 11:30:00
2144,2024-03-25 12:30:00
2145,2024-03-25 13:30:00
2146,2024-03-25 14:30:00
2147,2024-03-25 15:30:00
2148,2024-03-26 09:30:00
2149,2024-03-26 10:30:00
2150,2024-03-26 11:30:00
2151,2024-03-26 12:30:00
2152,2024-03-26 13:30:00
2153,2024-03-26 14:30:00
2154,2024-03-26 15:30:00
2155,2024-03-27 09:30:00
2156,2024-03-27 10:30:00
2157,2024-03-27 11:30:00
2158,2024-03-27 12:30:00
2159,2024-03-27 13:30:00
2160,2024-03-27 14:30:00
2161,2024-03-27 15:30:00
2162,2024-03-28 09:30:00
2163,2024-03-28 10:30:00
2164,2024-03-28 11:30:00
2165,2024-03-28 12:30:00
2166,2024-03-28 13:30:00
2167,2024-03-28 14:30:00
2168,2024-03-28 15:30:00
2169,2024-04-01 09:30:00
2170,2024-04-01 10:30:00
2171,2024-04-01 11:30:00
2172,2024-04-01 12:30:00
2173,2024-04-01 13:30:00
2174,2024-04-01 14:30:00
2175,2024-04-01 15:30:00
2176,2024-04-02 09:30:00
2177,2024-04-02 10:30:00
2178,2024-04-02 11:30:00
2179,2024-04-02 12:30:00
2180,2024-04-02 13:30:00
2181,2024-04-02 14:30:00
2182,2024-04-02 15:30:00
2183,2024-04-03 09:30:00
2184,2024-04-03 10:30:00
2185,2024-04-03 11:30:00
2186,2024-04-03 12:30:00
2187,2024-04-03 13:30:00
2188,2024-04-03 14:30:00
2189,2024-04-03 15:30:00
2190,2024-04-04 09:30:00
2191,2024-04-04 10:30:00
2192,2024-04-04 11:30:00
2193,2024-04-04 12:30:00
2194,2024-04-04 13:30:00
2195,2024-04-04 14:30:00
2196,2024-04-04 15:30:00
2197,2024-04-05 09:30:00
2198,2024-04-05 10:30:00
2199,2024-04-05 11:30:00
2200,2024-04-05 12:30:00
2201,2024-04-05 13:30:00
2202,2024-04-05 14:30:00
2203,2024-04-05 15:30:00
2204,2024-04-08 09:30:00
2205,2024-04-08 10:30:00
2206,2024-04-08 11:30:00
2207,2024-04-08 12:30:00
2208,2024-04-08 13:30:00
2209,2024-04-08 14:30:00
2210,2024-04-08 15:30:00
2211,2024-04-09 09:30:00
2212,2024-04-09 10:30:00
2213,2024-04-09 11:30:00
2214,2024-04-09 12:30:00
2215,2024-04-09 13:30:00
2216,2024-04-09 14:30:00
2217,2024-04-09 15:30:00
2218,2024-04-10 09:30:00
2219,2024-04-10 10:30:00
2220,2024-04-10 11:30:00
2221,2024-04-10 12:30:00
2222,2024-04-10 13:30:00
2223,2024-04-10 14:30:00
2224,2024-04-10 15:30:00
2225,2024-04-11 09:30:00
2226,2024-04-11 10:30:00
2227,2024-04-11 11:30:00
2228,2024-04-11 12:30:00
2229,2024-04-11 13:30:00
2230,2024-04-11 14:30:00
2231,2024-04-11 15:30:00
2232,2024-04-12 09:30:00
2233,2024-04-12 10:30:00
2234,2024-04-12 11:30:00
2235,2024-04-12 12:30:00
2236,2024-04-12 13:30:00
2237,2024-04-12 14:30:00
2238,2024-04-12 15:30:00
2239,2024-04-15 09:30:00
2240,2024-04-15 10:30:00
2241,2024-04-15 11:30:00
2242,2024-04-15 12:30:00
2243,2024-04-15 13:30:00
2244,2024-04-15 14:30:00
2245,2024-04-15 15:30:00
2246,2024-04-16 09:30:00
2247,2024-04-16 10:30:00
2248,2024-04-16 11:30:00
2249,2024-04-16 12:30:00
2250,2024-04-16 13:30:00
2251,2024-04-16 14:30:00
2252,2024-04-16 15:30:00
2253,2024-04-17 09:30:00
2254,2024-04-17 10:30:00
2255,2024-04-17 11:30:00
2256,2024-04-17 12:30:00
2257,2024-04-17 13:30:00
2258,2024-04-17 14:30:00
2259,2024-04-17 15:30:00
2260,2024-04-18 09:30:00
2261,2024-04-18 10:30:00
2262,2024-04-18 11:30:00
2263,2024-04-18 12:30:00
2264,2024-04-18 13:30:00
2265,2024-04-18 14:30:00
2266,2024-04-18 15:30:00
2267,2024-04-19 09:30:00
2268,2024-04-19 10:30:00
2269,2024-04-19 11:30:00
2270,2024-04-19 12:30:00
2271,2024-04-19 13:30:00
2272,2024-04-19 14:30:00
2273,2024-04-19 15:30:00
2274,2024-04-22 09:30:00
2275,2024-04-22 10:30:00
2276,2024-04-22 11:30:00
2277,2024-04-22 12:30:00
2278,2024-04-22 13:30:00
2279,2024-04-22 14:30:00
2280,2024-04-22 15:30:00
2281,2024-04-23 09:30:00
2282,2024-04-23 10:30:00
2283,2024-04-23 11:30:00
2284,2024-04-23 12:30:00
2285,2024-04-23 13:30:00
2286,2024-04-23 14:30:00
2287,2024-04-23 15:30:00
2288,2024-04-24 09:30:00
2289,2024-04-24 10:30:00
2290,2024-04-24 11:30:00
2291,2024-04-24 12:30:00
2292,2024-04-24 13:30:00
2293,2024-04-24 14:30:00
2294,2024-04-24 15:30:00
2295,2024-04-25 09:30:00
2296,2024-04-25 10:30:00
2297,2024-04-25 11:30:00
2298,2024-04-25 12:30:00
2299,2024-04-25 13:30:00
2300,2024-04-25 14:30:00
2301,2024-04-25 15:30:00
2302,2024-04-26 09:30:00
2303,2024-04-26 10:30:00
2304,2024-04-26 11:30:00
2305,2024-04-26 12:30:00
2306,2024-04-26 13:30:00
2307,2024-04-26 14:30:00
2308,2024-04-26 15:30:00
2309,2024-04-29 09:30:00
2310,2024-04-29 10:30:00
2311,2024-04-29 11:30:00
2312,2024-04-29 12:30:00
2313,2024-04-29 13:30:00
2314,2024-04-29 14:30:00
2315,2024-04-29 15:30:00
2316,2024-04-30 09:30:00
2317,2024-04-30 10:30:00
2318,2024-04-30 11:30:00
2319,2024-04-30 12:30:00
2320,2024-04-30 13:30:00
2321,2024-04-30 14:30:00
2322,2024-04-30 15:30:00
2323,2024-05-01 09:30:00
2324,2024-05-01 10:30:00
2325,2024-05-01 11:30:00
2326,2024-05-01 12:30:00
2327,2024-05-01 13:30:00
2328,2024-05-01 14:30:00
2329,2024-05-01 15:30:00
2330,2024-05-02 09:30:00
2331,2024-05-02 10:30:00
2332,2024-05-02 11:30:00
2333,2024-05-02 12:30:00
2334,2024-05-02 13:30:00
2335,2024-05-02 14:30:00
2336,2024-05-02 15:30:00
2337,2024-05-03 09:30:00
2338,2024-05-03 10:30:00
2339,2024-05-03 11:30:00
2340,2024-05-03 12:30:00
2341,2024-05-03 13:30:00
2342,2024-05-03 14:30:00
2343,2024-05-03 15:30:00
2344,2024-05-06 09:30:00
2345,2024-05-06 10:30:00
2346,2024-05-06 11:30:00
2347,2024-05-06 12:30:00
2348,2024-05-06 13:30:00
2349,2024-05-06 14:30:00
2350,2024-05-06 15:30:00
2351,2024-05-07 09:30:00
2352,2024-05-07 10:30:00
2353,2024-05-07 11:30:00
2354,2024-05-07 12:30:00
2355,2024-05-07 13:30:00
2356,2024-05-07 14:30:00
2357,2024-05-07 15:30:00
2358,2024-05-08 09:30:00
2359,2024-05-08 10:30:00
2360,2024-05-08 11:30:00
2361,2024-05-08 12:30:00
2362,2024-05-08 13:30:00
2363,2024-05-08 14:30:00
2364,2024-05-08 15:30:00
2365,2024-05-09 09:30:00
2366,2024-05-09 10:30:00
2367,2024-05-09 11:30:00
2368,2024-05-09 12:30:00
2369,2024-05-09 13:30:00
2370,2024-05-09 14:30:00
2371,2024-05-09 15:30:00
2372,2024-05-10 09:30:00
2373,2024-05-10 10:30:00
2374,2024-05-10 11:30:00
2375,2024-05-10 12:30:00
2376,2024-05-10 13:30:00
2377,2024-05-10 14:30:00
2378,2024-05-10 15:30:00
2379,2024-05-13 09:30:00
2380,2024-05-13 10:30:00
2381,2024-05-13 11:30:00
2382,2024-05-13 12:30:00
2383,2024-05-13 13:30:00
2384,2024-05-13 14:30:00
2385,2024-05-13 15:30:00
2386,2024-05-14 09:30:00
2387,2024-05-14 10:30:00
2388,2024-05-14 11:30:00
2389,2024-05-14 12:30:00
2390,2024-05-14 13:30:00
2391,2024-05-14 14:30:00
2392,2024-05-14 15:30:00
2393,2024-05-15 09:30:00
2394,2024-05-15 10:30:00
2395,2024-05-15 11:30:00
2396,2024-05-15 12:30:00
2397,2024-05-15 13:30:00
2398,2024-05-15 14:30:00
2399,2024-05-15 15:30:00
2400,2024-05-16 09:30:00
2401,2024-05-16 10:30:00
2402,2024-05-16 11:30:00
2403,2024-05-16 12:30:00
2404,2024-05-16 13:30:00
2405,2024-05-16 14:30:00
2406,2024-05-16 15:30:00
2407,2024-05-17 09:30:00
2408,2024-05-17 10:30:00
2409,2024-05-17 11:30:00
2410,2024-05-17 12:30:00
2411,2024-05-17 13:30:00
2412,2024-05-17 14:30:00
2413,2024-05-17 15:30:00
2414,2024-05-20 09:30:00
2415,2024-05-20 10:30:00
2416,2024-05-20 11:30:00
2417,2024-05-20 12:30:00
2418,2024-05-20 13:30:00
2419,2024-05-20 14:30:00
2420,2024-05-20 15:30:00
2421,2024-05-21 09:30:00
2422,2024-05-21 10:30:00
2423,2024-05-21 11:30:00
2424,2024-05-21 12:30:00
2425,2024-05-21 13:30:00
2426,2024-05-21 14:30:00
2427,2024-05-21 15:30:00
2428,2024-05-22 09:30:00
2429,2024-05-22 10:30:00
2430,2024-05-22 11:30:00
2431,2024-05-22 12:30:00
2432,2024-05-22 13:30:00
2433,2024-05-22 14:30:00
2434,2024-05-22 15:30:00
2435,2024-05-23 09:30:00
2436,2024-05-23 10:30:00
2437,2024-05-23 11:30:00
2438,2024-05-23 12:30:00
2439,2024-05-23 13:30:00
2440,2024-05-23 14:30:00
2441,2024-05-23 15:30:00
2442,2024-05-24 09:30:00
2443,2024-05-24 10:30:00
2444,2024-05-24 11:30:00
2445,2024-05-24 12:30:00
2446,2024-05-24 13:30:00
2447,2024-05-24 14:30:00
2448,2024-05-24 15:30:00
2449,2024-05-28 09:30:00
2450,2024-05-28 10:30:00
2451,2024-05-28 11:30:00
2452,2024-05-28 12:30:00
2453,2024-05-28 13:30:00
2454,2024-05-28 14:30:00
2455,2024-05-28 15:30:00
2456,2024-05-29 09:30:00
2457,2024-05-29 10:30:00
2458,2024-05-29 11:30:00
2459,2024-05-29 12:30:00
2460,2024-05-29 13:30:00
2461,2024-05-29 14:30:00
2462,2024-05-29 15:30:00
2463,2024-05-30 09:30:00
2464,2024-05-30 10:30:00
2465,2024-05-30 11:30:00
2466,2024-05-30 12:30:00
2467,2024-05-30 13:30:00
2468,2024-05-30 14:30:00
2469,2024-05-30 15:30:00
2470,2024-05-31 09:30:00
2471,2024-05-31 10:30:00
2472,2024-05-31 11:30:00
2473,2024-05-31 12:30:00
2474,2024-05-31 13:30:00
2475,2024-05-31 14:30:00
2476,2024-05-31 15:30:00
2477,2024-06-03 09:30:00
2478,2024-06-03 10:30:00
2479,2024-06-03 11:30:00
2480,2024-06-03 12:30:00
2481,2024-06-03 13:30:00
2482,2024-06-03 14:30:00
2483,2024-06-03 15:30:00
2484,2024-06-04 09:30:00
2485,2024-06-04 10:30:00
2486,2024-06-04 11:30:00
2487,2024-06-04 12:30:00
2488,2024-06-04 13:30:00
2489,2024-06-04 14:30:00
2490,2024-06-04 15:30:00
2491,2024-06-05 09:30:00
2492,2024-06-05 10:30:00
2493,2024-06-05 11:30:00
2494,2024-06-05 12:30:00
2495,2024-06-05 13:30:00
2496,2024-06-05 14:30:00
2497,2024-06-05 15:30:00
2498,2024-06-06 09:30:00
2499,2024-06-06 10:30:00
2500,2024-06-06 11:30:00
2501,2024-06-06 12:30:00
2502,2024-06-06 13:30:00
2503,2024-06-06 14:30:00
2504,2024-06-06 15:30:00
2505,2024-06-07 09:30:00
2506,2024-06-07 10:30:00
2507,2024-06-07 11:30:00
2508,2024-06-07 12:30:00
2509,2024-06-07 13:30:00
2510,2024-06-07 14:30:00
2511,2024-06-07 15:30:00
2512,2024-06-10 09:30:00
2513,2024-06-10 10:30:00
2514,2024-06-10 11:30:00
2515,2024-06-10 12:30:00
2516,2024-06-10 13:30:00
2517,2024-06-10 14:30:00
2518,2024-06-10 15:30:00
2519,2024-06-11 09:30:00
2520,2024-06-11 10:30:00
2521,2024-06-11 11:30:00
2522,2024-06-11 12:30:00
2523,2024-06-11 13:30:00
2524,2024-06-11 14:30:00
2525,2024-06-11 15:30:00
2526,2024-06-12 09:30:00
2527,2024-06-12 10:30:00
2528,2024-06-12 11:30:00
2529,2024-06-12 12:30:00
2530,2024-06-12 13:30:00
2531,2024-06-12 14:30:00
2532,2024-06-12 15:30:00
2533,2024-06-13 09:30:00
2534,2024-06-13 10:30:00
2535,2024-06-13 11:30:00
2536,2024-06-13 12:30:00
2537,2024-06-13 13:30:00
2538,2024-06-13 14:30:00
2539,2024-06-13 15:30:00
2540,2024-06-14 09:30:00
2541,2024-06-14 10:30:00
2542,2024-06-14 11:30:00
2543,2024-06-14 12:30:00
2544,2024-06-14 13:30:00
2545,2024-06-14 14:30:00
2546,2024-06-14 15:30:00
2547,2024-06-17 09:30:00
2548,2024-06-17 10:30:00
2549,2024-06-17 11:30:00
2550,2024-06-17 12:30:00
2551,2024-06-17 13:30:00
2552,2024-06-17 14:30:00
2553,2024-06-17 15:30:00
2554,2024-06-18 09:30:00
2555,2024-06-18 10:30:00
2556,2024-06-18 11:30:00
2557,2024-06-18 12:30:00
2558,2024-06-18 13:30:00
2559,2024-06-18 14:30:00
2560,2024-06-18 15:30:00
2561,2024-06-20 09:30:00
2562,2024-06-20 10:30:00
2563,2024-06-20 11:30:00
2564,2024-06-20 12:30:00
2565,2024-06-20 13:30:00
2566,2024-06-20 14:30:00
2567,2024-06-20 15:30:00
2568,2024-06-21 09:30:00
2569,2024-06-21 10:30:00
2570,2024-06-21 11:30:00
2571,2024-06-21 12:30:00
2572,2024-06-21 13:30:00
2573,2024-06-21 14:30:00
2574,2024-06-21 15:30:00
2575,2024-06-24 09:30:00
2576,2024-06-24 10:30:00
2577,2024-06-24 11:30:00
2578,2024-06-24 12:30:00
2579,2024-06-24 13:30:00
2580,2024-06-24 14:30:00
2581,2024-06-24 15:30:00
2582,2024-06-25 09:30:00
2583,2024-06-25 10:30:00
2584,2024-06-25 11:30:00
2585,2024-06-25 12:30:00
2586,2024-06-25 13:30:00
2587,2024-06-25 14:30:00
2588,2024-06-25 15:30:00
2589,2024-06-26 09:30:00
2590,2024-06-26 10:30:00
2591,2024-06-26 11:30:00
2592,2024-06-26 12:30:00
2593,2024-06-26 13:30:00
2594,2024-06-26 14:30:00
2595,2024-06-26 15:30:00
2596,2024-06-27 09:30:00
2597,2024-06-27 10:30:00
2598,2024-06-27 11:30:00
2599,2024-06-27 12:30:00
2600,2024-06-27 13:30:00
2601,2024-06-27 14:30:00
2602,2024-06-27 15:30:00
2603,2024-06-28 09:30:00
2604,2024-06-28 10:30:00
2605,2024-06-28 11:30:00
2606,2024-06-28 12:30:00
2607,2024-06-28 13:30:00
2608,2024-06-28 14:30:00
2609,2024-06-28 15:30:00
2610,2024-07-01 09:30:00
2611,2024-07-01 10:30:00
2612,2024-07-01 11:30:00
2613,2024-07-01 12:30:00
2614,2024-07-01 13:30:00
2615,2024-07-01 14:30:00
2616,2024-07-01 15:30:00
2617,2024-07-02 09:30:00
2618,2024-07-02 10:30:00
2619,2024-07-02 11:30:00
2620,2024-07-02 12:30:00
2621,2024-07-02 13:30:00
2622,2024-07-02 14:30:00
2623,2024-07-02 15:30:00
2624,2024-07-03 09:30:00
2625,2024-07-03 10:30:00
2626,2024-07-03 11:30:00
2627,2024-07-05 09:30:00
2628,2024-07-05 10:30:00
2629,2024-07-05 11:30:00
2630,2024-07-05 12:30:00
2631,2024-07-05 13:30:00
2632,2024-07-05 14:30:00
2633,2024-07-05 15:30:00
2634,2024-07-08 09:30:00
2635,2024-07-08 10:30:00
2636,2024-07-08 11:30:00
2637,2024-07-08 12:30:00
2638,2024-07-08 13:30:00
2639,2024-07-08 14:30:00
2640,2024-07-08 15:30:00
2641,2024-07-09 09:30:00
2642,2024-07-09 10:30:00
2643,2024-07-09 11:30:00
2644,2024-07-09 12:30:00
2645,2024-07-09 13:30:00
2646,2024-07-09 14:30:00
2647,2024-07-09 15:30:00
2648,2024-07-10 09:30:00
2649,2024-07-10 10:30:00
2650,2024-07-10 11:30:00
2651,2024-07-10 12:30:00
2652,2024-07-10 13:30:00
2653,2024-07-10 14:30:00
2654,2024-07-10 15:30:00
2655,2024-07-11 09:30:00
2656,2024-07-11 10:30:00
2657,2024-07-11 11:30:00
2658,2024-07-11 12:30:00
2659,2024-07-11 13:30:00
2660,2024-07-11 14:30:00
2661,2024-07-11 15:30:00
2662,2024-07-12 09:30:00
2663,2024-07-12 10:30:00
2664,2024-07-12 11:30:00
2665,2024-07-12 12:30:00
2666,2024-07-12 13:30:00
2667,2024-07-12 14:30:00
2668,2024-07-12 15:30:00
2669,2024-07-15 09:30:00
2670,2024-07-15 10:30:00
2671,2024-07-15 11:30:00
2672,2024-07-15 12:30:00
2673,2024-07-15 13:30:00
2674,2024-07-15 14:30:00
2675,2024-07-15 15:30:00
2676,2024-07-16 09:30:00
2677,2024-07-16 10:30:00
2678,2024-07-16 11:30:00
2679,2024-07-16 12:30:00
2680,2024-07-16 13:30:00
2681,2024-07-16 14:30:00
2682,2024-07-16 15:30:00
2683,2024-07-17 09:30:00
2684,2024-07-17 10:30:00
2685,2024-07-17 11:30:00
2686,2024-07-17 12:30:00
2687,2024-07-17 13:30:00
2688,2024-07-17 14:30:00
2689,2024-07-17 15:30:00
2690,2024-07-18 09:30:00
2691,2024-07-18 10:30:00
2692,2024-07-18 11:30:00
2693,2024-07-18 12:30:00
2694,2024-07-18 13:30:00
2695,2024-07-18 14:30:00
2696,2024-07-18 15:30:00
2697,2024-07-19 09:30:00
2698,2024-07-19 10:30:00
2699,2024-07-19 11:30:00
2700,2024-07-19 12:30:00
2701,2024-07-19 13:30:00
2702,2024-07-19 14:30:00
2703,2024-07-19 15:30:00
2704,2024-07-22 09:30:00
2705,2024-07-22 10:30:00
2706,2024-07-22 11:30:00
2707,2024-07-22 12:30:00
2708,2024-07-22 13:30:00
2709,2024-07-22 14:30:00
2710,2024-07-22 15:30:00
2711,2024-07-23 09:30:00
2712,2024-07-23 10:30:00
2713,2024-07-23 11:30:00
2714,2024-07-23 12:30:00
2715,2024-07-23 13:30:00
2716,2024-07-23 14:30:00
2717,2024-07-23 15:30:00
2718,2024-07-24 09:30:00
2719,2024-07-24 10:30:00
2720,2024-07-24 11:30:00
2721,2024-07-24 12:30:00
2722,2024-07-24 13:30:00
2723,2024-07-24 14:30:00
2724,2024-07-24 15:30:00
2725,2024-07-25 09:30:00
2726,2024-07-25 10:30:00
2727,2024-07-25 11:30:00
2728,2024-07-25 12:30:00
2729,2024-07-25 13:30:00
2730,2024-07-25 14:30:00
2731,2024-07-25 15:30:00
2732,2024-07-26 09:30:00
2733,2024-07-26 10:30:00
2734,2024-07-26 11:30:00
2735,2024-07-26 12:30:00
2736,2024-07-26 13:30:00
2737,2024-07-26 14:30:00
2738,2024-07-26 15:30:00
2739,2024-07-29 09:30:00
2740,2024-07-29 10:30:00
2741,2024-07-29 11:30:00
2742,2024-07-29 12:30:00
2743,2024-07-29 13:30:00
2744,2024-07-29 14:30:00
2745,2024-07-29 15:30:00
2746,2024-07-30 09:30:00
2747,2024-07-30 10:30:00
2748,2024-07-30 11:30:00
2749,2024-07-30 12:30:00
2750,2024-07-30 13:30:00
2751,2024-07-30 14:30:00
2752,2024-07-30 15:30:00
2753,2024-07-31 09:30:00
2754,2024-07-31 10:30:00
2755,2024-07-31 11:30:00
2756,2024-07-31 12:30:00
2757,2024-07-31 13:30:00
2758,2024-07-31 14:30:00
2759,2024-07-31 15:30:00
2760,2024-08-01 09:30:00
2761,2024-08-01 10:30:00
2762,2024-08-01 11:30:00
2763,2024-08-01 12:30:00
2764,2024-08-01 13:30:00
2765,2024-08-01 14:30:00
2766,2024-08-01 15:30:00
2767,2024-08-02 09:30:00
2768,2024-08-02 10:30:00
2769,2024-08-02 11:30:00
2770,2024-08-02 12:30:00
2771,2024-08-02 13:30:00
2772,2024-08-02 14:30:00
2773,2024-08-02 15:30:00
2774,2024-08-05 09:30:00
2775,2024-08-05 10:30:00
2776,2024-08-05 11:30:00
2777,2024-08-05 12:30:00
2778,2024-08-05 13:30:00
2779,2024-08-05 14:30:00
2780,2024-08-05 15:30:00
2781,2024-08-06 09:30:00
2782,2024-08-06 10:30:00
2783,2024-08-06 11:30:00
2784,2024-08-06 12:30:00
2785,2024-08-06 13:30:00
2786,2024-08-06 14:30:00
2787,2024-08-06 15:30:00
2788,2024-08-07 09:30:00
2789,2024-08-07 10:30:00
2790,2024-08-07 11:30:00
2791,2024-08-07 12:30:00
2792,2024-08-07 13:30:00
2793,2024-08-07 14:30:00
2794,2024-08-07 15:30:00
2795,2024-08-08 09:30:00
2796,2024-08-08 10:30:00
2797,2024-08-08 11:30:00
2798,2024-08-08 12:30:00
2799,2024-08-08 13:30:00
2800,2024-08-08 14:30:00
2801,2024-08-08 15:30:00
2802,2024-08-09 09:30:00
2803,2024-08-09 10:30:00
2804,2024-08-09 11:30:00
2805,2024-08-09 12:30:00
2806,2024-08-09 13:30:00
2807,2024-08-09 14:30:00
2808,2024-08-09 15:30:00
2809,2024-08-12 09:30:00
2810,2024-08-12 10:30:00
2811,2024-08-12 11:30:00
2812,2024-08-12 12:30:00
2813,2024-08-12 13:30:00
2814,2024-08-12 14:30:00
2815,2024-08-12 15:30:00
2816,2024-08-13 09:30:00
2817,2024-08-13 10:30:00
2818,2024-08-13 11:30:00
2819,2024-08-13 12:30:00
2820,2024-08-13 13:30:00
2821,2024-08-13 14:30:00
2822,2024-08-13 15:30:00
2823,2024-08-14 09:30:00
2824,2024-08-14 10:30:00
2825,2024-08-14 11:30:00
2826,2024-08-14 12:30:00
2827,2024-08-14 13:30:00
2828,2024-08-14 14:30:00
2829,2024-08-14 15:30:00
2830,2024-08-15 09:30:00
2831,2024-08-15 10:30:00
2832,2024-08-15 11:30:00
2833,2024-08-15 12:30:00
2834,2024-08-15 13:30:00
2835,2024-08-15 14:30:00
2836,2024-08-15 15:30:00
2837,2024-08-16 09:30:00
2838,2024-08-16 10:30:00
2839,2024-08-16 11:30:00
2840,2024-08-16 12:30:00
2841,2024-08-16 13:30:00
2842,2024-08-16 14:30:00
2843,2024-08-16 15:30:00
2844,2024-08-19 09:30:00
2845,2024-08-19 10:30:00
2846,2024-08-19 11:30:00
2847,2024-08-19 12:30:00
2848,2024-08-19 13:30:00
2849,2024-08-19 14:30:00
2850,2024-08-19 15:30:00
2851,2024-08-20 09:30:00
2852,2024-08-20 10:30:00
2853,2024-08-20 11:30:00
2854,2024-08-20 12:30:00
2855,2024-08-20 13:30:00
2856,2024-08-20 14:30:00
2857,2024-08-20 15:30:00
2858,2024-08-21 09:30:00
2859,2024-08-21 10:30:00
2860,2024-08-21 11:30:00
2861,2024-08-21 12:30:00
2862,2024-08-21 13:30:00
2863,2024-08-21 14:30:00
2864,2024-08-21 15:30:00
2865,2024-08-22 09:30:00
2866,2024-08-22 10:30:00
2867,2024-08-22 11:30:00
2868,2024-08-22 12:30:00
2869,2024-08-22 13:30:00
2870,2024-08-22 14:30:00
2871,2024-08-22 15:30:00
2872,2024-08-23 09:30:00
2873,2024-08-23 10:30:00
2874,2024-08-23 11:30:00
2875,2024-08-23 12:30:00
2876,2024-08-23 13:30:00
2877,2024-08-23 14:30:00
2878,2024-08-23 15:30:00
2879,2024-08-26 09:30:00
2880,2024-08-26 10:30:00
2881,2024-08-26 11:30:00
2882,2024-08-26 12:30:00
2883,2024-08-26 13:30:00
2884,2024-08-26 14:30:00
2885,2024-08-26 15:30:00
2886,2024-08-27 09:30:00
2887,2024-08-27 10:30:00
2888,2024-08-27 11:30:00
2889,2024-08-27 12:30:00
2890,2024-08-27 13:30:00
2891,2024-08-27 14:30:00
2892,2024-08-27 15:30:00
2893,2024-08-28 09:30:00
2894,2024-08-28 10:30:00
2895,2024-08-28 11:30:00
2896,2024-08-28 12:30:00
2897,2024-08-28 13:30:00
2898,2024-08-28 14:30:00
2899,2024-08-28 15:30:00
2900,2024-08-29 09:30:00
2901,2024-08-29 10:30:00
2902,2024-08-29 11:30:00
2903,2024-08-29 12:30:00
2904,2024-08-29 13:30:00
2905,2024-08-29 14:30:00
2906,2024-08-29 15:30:00
2907,2024-08-30 09:30:00
2908,2024-08-30 10:30:00
2909,2024-08-30 11:30:00
2910,2024-08-30 12:30:00
2911,2024-08-30 13:30:00
2912,2024-08-30 14:30:00
2913,2024-08-30 15:30:00
2914,2024-09-03 09:30:00
2915,2024-09-03 10:30:00
2916,2024-09-03 11:30:00
2917,2024-09-03 12:30:00
2918,2024-09-03 13:30:00
2919,2024-09-03 14:30:00
2920,2024-09-03 15:30:00
2921,2024-09-04 09:30:00
2922,2024-09-04 10:30:00
2923,2024-09-04 11:30:00
2924,2024-09-04 12:30:00
2925,2024-09-04 13:30:00
2926,2024-09-04 14:30:00
2927,2024-09-04 15:30:00
2928,2024-09-05 09:30:00
2929,2024-09-05 10:30:00
2930,2024-09-05 11:30:00
2931,2024-09-05 12:30:00
2932,2024-09-05 13:30:00
2933,2024-09-05 14:30:00
2934,2024-09-05 15:30:00
2935,2024-09-06 09:30:00
2936,2024-09-06 10:30:00
2937,2024-09-06 11:30:00
2938,2024-09-06 12:30:00
2939,2024-09-06 13:30:00
2940,2024-09-06 14:30:00
2941,2024-09-06 15:30:00
2942,2024-09-09 09:30:00
2943,2024-09-09 10:30:00
2944,2024-09-09 11:30:00
2945,2024-09-09 12:30:00
2946,2024-09-09 13:30:00
2947,2024-09-09 14:30:00
2948,2024-09-09 15:30:00
2949,2024-09-10 09:30:00
2950,2024-09-10 10:30:00
2951,2024-09-10 11:30:00
2952,2024-09-10 12:30:00
2953,2024-09-10 13:30:00
2954,2024-09-10 14:30:00
2955,2024-09-10 15:30:00
2956,2024-09-11 09:30:00
2957,2024-09-11 10:30:00
2958,2024-09-11 11:30:00
2959,2024-09-11 12:30:00
2960,2024-09-11 13:30:00
2961,2024-09-11 14:30:00
2962,2024-09-11 15:30:00
2963,2024-09-12 09:30:00
2964,2024-09-12 10:30:00
2965,2024-09-12 11:30:00
2966,2024-09-12 12:30:00
2967,2024-09-12 13:30:00
2968,2024-09-12 14:30:00
2969,2024-09-12 15:30:00
2970,2024-09-13 09:30:00
2971,2024-09-13 10:30:00
2972,2024-09-13 11:30:00
2973,2024-09-13 12:30:00
2974,2024-09-13 13:30:00
2975,2024-09-13 14:30:00
2976,2024-09-13 15:30:00
2977,2024-09-16 09:30:00
2978,2024-09-16 10:30:00
2979,2024-09-16 11:30:00
2980,2024-09-16 12:30:00
2981,2024-09-16 13:30:00
2982,2024-09-16 14:30:00
2983,2024-09-16 15:30:00
2984,2024-09-17 09:30:00
2985,2024-09-17 10:30:00
2986,2024-09-17 11:30:00
2987,2024-09-17 12:30:00
2988,2024-09-17 13:30:00
2989,2024-09-17 14:30:00
2990,2024-09-17 15:30:00
2991,2024-09-18 09:30:00
2992,2024-09-18 10:30:00
2993,2024-09-18 11:30:00
2994,2024-09-18 12:30:00
2995,2024-09-18 13:30:00
2996,2024-09-18 14:30:00
2997,2024-09-18 15:30:00
2998,2024-09-19 09:30:00
2999,2024-09-19 10:30:00
3000,2024-09-19 11:30:00
3001,2024-09-19 12:30:00
3002,2024-09-19 13:30:00
3003,2024-09-19 14:30:00
3004,2024-09-19 15:30:00
3005,2024-09-20 09:30:00
3006,2024-09-20 10:30:00
3007,2024-09-20 11:30:00
3008,2024-09-20 12:30:00
3009,2024-09-20 13:30:00
3010,2024-09-20 14:30:00
3011,2024-09-20 15:30:00
3012,2024-09-23 09:30:00
3013,2024-09-23 10:30:00
3014,2024-09-23 11:30:00
3015,2024-09-23 12:30:00
3016,2024-09-23 13:30:00
3017,2024-09-23 14:30:00
3018,2024-09-23 15:30:00
3019,2024-09-24 09:30:00
3020,2024-09-24 10:30:00
3021,2024-09-24 11:30:00
3022,2024-09-24 12:30:00
3023,2024-09-24 13:30:00
3024,2024-09-24 14:30:00
3025,2024-09-24 15:30:00
3026,2024-09-25 09:30:00
3027,2024-09-25 10:30:00
3028,2024-09-25 11:30:00
3029,2024-09-25 12:30:00
3030,2024-09-25 13:30:00
3031,2024-09-25 14:30:00
3032,2024-09-25 15:30:00
3033,2024-09-26 09:30:00
3034,2024-09-26 10:30:00
3035,2024-09-26 11:30:00
3036,2024-09-26 12:30:00
3037,2024-09-26 13:30:00
3038,2024-09-26 14:30:00
3039,2024-09-26 15:30:00
3040,2024-09-27 09:30:00
3041,2024-09-27 10:30:00
3042,2024-09-27 11:30:00
3043,2024-09-27 12:30:00
3044,2024-09-27 13:30:00
3045,2024-09-27 14:30:00
3046,2024-09-27 15:30:00
3047,2024-09-30 09:30:00
3048,2024-09-30 10:30:00
3049,2024-09-30 11:30:00
3050,2024-09-30 12:30:00
3051,2024-09-30 13:30:00
3052,2024-09-30 14:30:00
3053,2024-09-30 15:30:00
3054,2024-10-01 09:30:00
3055,2024-10-01 10:30:00
3056,2024-10-01 11:30:00
3057,2024-10-01 12:30:00
3058,2024-10-01 13:30:00
3059,2024-10-01 14:30:00
3060,2024-10-01 15:30:00
3061,2024-10-02 09:30:00
3062,2024-10-02 10:30:00
3063,2024-10-02 11:30:00
3064,2024-10-02 12:30:00
3065,2024-10-02 13:30:00
3066,2024-10-02 14:30:00
3067,2024-10-02 15:30:00
3068,2024-10-03 09:30:00
3069,2024-10-03 10:30:00
3070,2024-10-03 11:30:00
3071,2024-10-03 12:30:00
3072,2024-10-03 13:30:00
3073,2024-10-03 14:30:00
3074,2024-10-03 15:30:00
3075,2024-10-04 09:30:00
3076,2024-10-04 10:30:00
3077,2024-10-04 11:30:00
3078,2024-10-04 12:30:00
3079,2024-10-04 13:30:00
3080,2024-10-04 14:30:00
3081,2024-10-04 15:30:00
3082,2024-10-07 09:30:00
3083,2024-10-07 10:30:00
3084,2024-10-07 11:30:00
3085,2024-10-07 12:30:00
3086,2024-10-07 13:30:00
3087,2024-10-07 14:30:00
3088,2024-10-07 15:30:00
3089,2024-10-08 09:30:00
3090,2024-10-08 10:30:00
3091,2024-10-08 11:30:00
3092,2024-10-08 12:30:00
3093,2024-10-08 13:30:00
3094,2024-10-08 14:30:00
3095,2024-10-08 15:30:00
3096,2024-10-09 09:30:00
3097,2024-10-09 10:30:00
3098,2024-10-09 11:30:00
3099,2024-10-09 12:30:00
3100,2024-10-09 13:30:00
3101,2024-10-09 14:30:00
3102,2024-10-09 15:30:00
3103,2024-10-10 09:30:00
3104,2024-10-10 10:30:00
3105,2024-10-10 11:30:00
3106,2024-10-10 12:30:00
3107,2024-10-10 13:30:00
3108,2024-10-10 14:30:00
3109,2024-10-10 15:30:00
3110,2024-10-11 09:30:00
3111,2024-10-11 10:30:00
3112,2024-10-11 11:30:00
3113,2024-10-11 12:30:00
3114,2024-10-11 13:30:00
3115,2024-10-11 14:30:00
3116,2024-10-11 15:30:00
3117,2024-10-14 09:30:00
3118,2024-10-14 10:30:00
3119,2024-10-14 11:30:00
3120,2024-10-14 12:30:00
3121,2024-10-14 13:30:00
3122,2024-10-14 14:30:00
3123,2024-10-14 15:30:00
3124,2024-10-15 09:30:00
3125,2024-10-15 10:30:00
3126,2024-10-15 11:30:00
3127,2024-10-15 12:30:00
3128,2024-10-15 13:30:00
3129,2024-10-15 14:30:00
3130,2024-10-15 15:30:00
3131,2024-10-16 09:30:00
3132,2024-10-16 10:30:00
3133,2024-10-16 11:30:00
3134,2024-10-16 12:30:00
3135,2024-10-16 13:30:00
3136,2024-10-16 14:30:00
3137,2024-10-16 15:30:00
3138,2024-10-17 09:30:00
3139,2024-10-17 10:30:00
3140,2024-10-17 11:30:00
3141,2024-10-17 12:30:00
3142,2024-10-17 13:30:00
3143,2024-10-17 14:30:00
3144,2024-10-17 15:30:00
3145,2024-10-18 09:30:00
3146,2024-10-18 10:30:00
3147,2024-10-18 11:30:00
3148,2024-10-18 12:30:00
3149,2024-10-18 13:30:00
3150,2024-10-18 14:30:00
3151,2024-10-18 15:30:00
3152,2024-10-21 09:30:00
3153,2024-10-21 10:30:00
3154,2024-10-21 11:30:00
3155,2024-10-21 12:30:00
3156,2024-10-21 13:30:00
3157,2024-10-21 14:30:00
3158,2024-10-21 15:30:00
3159,2024-10-22 09:30:00
3160,2024-10-22 10:30:00
3161,2024-10-22 11:30:00
3162,2024-10-22 12:30:00
3163,2024-10-22 13:30:00
3164,2024-10-22 14:30:00
3165,2024-10-22 15:30:00
3166,2024-10-23 09:30:00
3167,2024-10-23 10:30:00
3168,2024-10-23 11:30:00
3169,2024-10-23 12:30:00
3170,2024-10-23 13:30:00
3171,2024-10-23 14:30:00
3172,2024-10-23 15:30:00
3173,2024-10-24 09:30:00
3174,2024-10-24 10:30:00
3175,2024-10-24 11:30:00
3176,2024-10-24 12:30:00
3177,2024-10-24 13:30:00
3178,2024-10-24 14:30:00
3179,2024-10-24 15:30:00
3180,2024-10-25 09:30:00
3181,2024-10-25 10:30:00
3182,2024-10-25 11:30:00
3183,2024-10-25 12:30:00
3184,2024-10-25 13:30:00
3185,2024-10-25 14:30:00
3186,2024-10-25 15:30:00
3187,2024-10-28 09:30:00
3188,2024-10-28 10:30:00
3189,2024-10-28 11:30:00
3190,2024-10-28 12:30:00
3191,2024-10-28 13:30:00
3192,2024-10-28 14:30:00
3193,2024-10-28 15:30:00
3194,2024-10-29 09:30:00
3195,2024-10-29 10:30:00
3196,2024-10-29 11:30:00
3197,2024-10-29 12:30:00
3198,2024-10-29 13:30:00
3199,2024-10-29 14:30:00
3200,2024-10-29 15:30:00
3201,2024-10-30 09:30:00
3202,2024-10-30 10:30:00
3203,2024-10-30 11:30:00
3204,2024-10-30 12:30:00
3205,2024-10-30 13:30:00
3206,2024-10-30 14:30:00
3207,2024-10-30 15:30:00
3208,2024-10-31 09:30:00
3209,2024-10-31 10:30:00
3210,2024-10-31 11:30:00
3211,2024-10-31 12:30:00
3212,2024-10-31 13:30:00
3213,2024-10-31 14:30:00
3214,2024-10-31 15:30:00
3215,2024-11-01 09:30:00
3216,2024-11-01 10:30:00
3217,2024-11-01 11:30:00
3218,2024-11-01 12:30:00
3219,2024-11-01 13:30:00
3220,2024-11-01 14:30:00
3221,2024-11-01 15:30:00
3222,2024-11-04 09:30:00
3223,2024-11-04 10:30:00
3224,2024-11-04 11:30:00
3225,2024-11-04 12:30:00
3226,2024-11-04 13:30:00
3227,2024-11-04 14:30:00
3228,2024-11-04 15:30:00
3229,2024-11-05 09:30:00
3230,2024-11-05 10:30:00
3231,2024-11-05 11:30:00
3232,2024-11-05 12:30:00
3233,2024-11-05 13:30:00
3234,2024-11-05 14:30:00
3235,2024-11-05 15:30:00
3236,2024-11-06 09:30:00
3237,2024-11-06 10:30:00
3238,2024-11-06 11:30:00
3239,2024-11-06 12:30:00
3240,2024-11-06 13:30:00
3241,2024-11-06 14:30:00
3242,2024-11-06 15:30:00
3243,2024-11-07 09:30:00
3244,2024-11-07 10:30:00
3245,2024-11-07 11:30:00
3246,2024-11-07 12:30:00
3247,2024-11-07 13:30:00
3248,2024-11-07 14:30:00
3249,2024-11-07 15:30:00
3250,2024-11-08 09:30:00
3251,2024-11-08 10:30:00
3252,2024-11-08 11:30:00
3253,2024-11-08 12:30:00
3254,2024-11-08 13:30:00
3255,2024-11-08 14:30:00
3256,2024-11-08 15:30:00
3257,2024-11-11 09:30:00
3258,2024-11-11 10:30:00
3259,2024-11-11 11:30:00
3260,2024-11-11 12:30:00
3261,2024-11-11 13:30:00
3262,2024-11-11 14:30:00
3263,2024-11-11 15:30:00
3264,2024-11-12 09:30:00
3265,2024-11-12 10:30:00
3266,2024-11-12 11:30:00
3267,2024-11-12 12:30:00
3268,2024-11-12 13:30:00
3269,2024-11-12 14:30:00
3270,2024-11-12 15:30:00
3271,2024-11-13 09:30:00
3272,2024-11-13 10:30:00
3273,2024-11-13 11:30:00
3274,2024-11-13 12:30:00
3275,2024-11-13 13:30:00
3276,2024-11-13 14:30:00
3277,2024-11-13 15:30:00
3278,2024-11-14 09:30:00
3279,2024-11-14 10:30:00
3280,2024-11-14 11:30:00
3281,2024-11-14 12:30:00
3282,2024-11-14 13:30:00
3283,2024-11-14 14:30:00
3284,2024-11-14 15:30:00
3285,2024-11-15 09:30:00
3286,2024-11-15 10:30:00
3287,2024-11-15 11:30:00
3288,2024-11-15 12:30:00
3289,2024-11-15 13:30:00
3290,2024-11-15 14:30:00
3291,2024-11-15 15:30:00
3292,2024-11-18 09:30:00
3293,2024-11-18 10:30:00
3294,2024-11-18 11:30:00
3295,2024-11-18 12:30:00
3296,2024-11-18 13:30:00
3297,2024-11-18 14:30:00
3298,2024-11-18 15:30:00
3299,2024-11-19 09:30:00
3300,2024-11-19 10:30:00
3301,2024-11-19 11:30:00
3302,2024-11-19 12:30:00
3303,2024-11-19 13:30:00
3304,2024-11-19 14:30:00
3305,2024-11-19 15:30:00
3306,2024-11-20 09:30:00
3307,2024-11-20 10:30:00
3308,2024-11-20 11:30:00
3309,2024-11-20 12:30:00
3310,2024-11-20 13:30:00
3311,2024-11-20 14:30:00
3312,2024-11-20 15:30:00
3313,2024-11-21 09:30:00
3314,2024-11-21 10:30:00
3315,2024-11-21 11:30:00
3316,2024-11-21 12:30:00
3317,2024-11-21 13:30:00
3318,2024-11-21 14:30:00
3319,2024-11-21 15:30:00
3320,2024-11-22 09:30:00
3321,2024-11-22 10:30:00
3322,2024-11-22 11:30:00
3323,2024-11-22 12:30:00
3324,2024-11-22 13:30:00
3325,2024-11-22 14:30:00
3326,2024-11-22 15:30:00
3327,2024-11-25 09:30:00
3328,2024-11-25 10:30:00
3329,2024-11-25 11:30:00
3330,2024-11-25 12:30:00
3331,2024-11-25 13:30:00
3332,2024-11-25 14:30:00
3333,2024-11-25 15:30:00
3334,2024-11-26 09:30:00
3335,2024-11-26 10:30:00
3336,2024-11-26 11:30:00
3337,2024-11-26 12:30:00
3338,2024-11-26 13:30:00
3339,2024-11-26 14:30:00
3340,2024-11-26 15:30:00
3341,2024-11-27 09:30:00
3342,2024-11-27 10:30:00
3343,2024-11-27 11:30:00
3344,2024-11-27 12:30:00
3345,2024-11-27 13:30:00
3346,2024-11-27 14:30:00
3347,2024-11-27 15:30:00
3348,2024-11-29 09:30:00
3349,2024-11-29 10:30:00
3350,2024-11-29 11:30:00
3351,2024-12-02 09:30:00
3352,2024-12-02 10:30:00
3353,2024-12-02 11:30:00
3354,2024-12-02 12:30:00
3355,2024-12-02 13:30:00
3356,2024-12-02 14:30:00
3357,2024-12-02 15:30:00
3358,2024-12-03 09:30:00
3359,2024-12-03 10:30:00
3360,2024-12-03 11:30:00
3361,2024-12-03 12:30:00
3362,2024-12-03 13:30:00
3363,2024-12-03 14:30:00
3364,2024-12-03 15:30:00
3365,2024-12-04 09:30:00
3366,2024-12-04 10:30:00
3367,2024-12-04 11:30:00
3368,2024-12-04 12:30:00
3369,2024-12-04 13:30:00
3370,2024-12-04 14:30:00
3371,2024-12-04 15:30:00
3372,2024-12-05 09:30:00
3373,2024-12-05 10:30:00
3374,2024-12-05 11:30:00
3375,2024-12-05 12:30:00
3376,2024-12-05 13:30:00
3377,2024-12-05 14:30:00
3378,2024-12-05 15:30:00
3379,2024-12-06 09:30:00
3380,2024-12-06 10:30:00
3381,2024-12-06 11:30:00
3382,2024-12-06 12:30:00
3383,2024-12-06 13:30:00
3384,2024-12-06 14:30:00
3385,2024-12-06 15:30:00
3386,2024-12-09 09:30:00
3387,2024-12-09 10:30:00
3388,2024-12-09 11:30:00
3389,2024-12-09 12:30:00
3390,2024-12-09 13:30:00
3391,2024-12-09 14:30:00
3392,2024-12-09 15:30:00
3393,2024-12-10 09:30:00
3394,2024-12-10 10:30:00
3395,2024-12-10 11:30:00
3396,2024-12-10 12:30:00
3397,2024-12-10 13:30:00
3398,2024-12-10 14:30:00
3399,2024-12-10 15:30:00
3400,2024-12-11 09:30:00
3401,2024-12-11 10:30:00
3402,2024-12-11 11:30:00
3403,2024-12-11 12:30:00
3404,2024-12-11 13:30:00
3405,2024-12-11 14:30:00
3406,2024-12-11 15:30:00
3407,2024-12-12 09:30:00
3408,2024-12-12 10:30:00
3409,2024-12-12 11:30:00
3410,2024-12-12 12:30:00
3411,2024-12-12 13:30:00
3412,2024-12-12 14:30:00
3413,2024-12-12 15:30:00
3414,2024-12-13 09:30:00
3415,2024-12-13 10:30:00
3416,2024-12-13 11:30:00
3417,2024-12-13 12:30:00
3418,2024-12-13 13:30:00
3419,2024-12-13 14:30:00
3420,2024-12-13 15:30:00
3421,2024-12-16 09:30:00
3422,2024-12-16 10:30:00
3423,2024-12-16 11:30:00
3424,2024-12-16 12:30:00
3425,2024-12-16 13:30:00
3426,2024-12-16 14:30:00
3427,2024-12-16 15:30:00
3428,2024-12-17 09:30:00
3429,2024-12-17 10:30:00
3430,2024-12-17 11:30:00
3431,2024-12-17 12:30:00
3432,2024-12-17 13:30:00
3433,2024-12-17 14:30:00
3434,2024-12-17 15:30:00
3435,2024-12-18 09:30:00
3436,2024-12-18 10:30:00
3437,2024-12-18 11:30:00
3438,2024-12-18 12:30:00
3439,2024-12-18 13:30:00
3440,2024-12-18 14:30:00
3441,2024-12-18 15:30:00
3442,2024-12-19 09:30:00
3443,2024-12-19 10:30:00
3444,2024-12-19 11:30:00
3445,2024-12-19 12:30:00
3446,2024-12-19 13:30:00
3447,2024-12-19 14:30:00
3448,2024-12-19 15:30:00
3449,2024-12-20 09:30:00
3450,2024-12-20 10:30:00
3451,2024-12-20 11:30:00
3452,2024-12-20 12:30:00
3453,2024-12-20 13:30:00
3454,2024-12-20 14:30:00
3455,2024-12-20 15:30:00
3456,2024-12-23 09:30:00
3457,2024-12-23 10:30:00
3458,2024-12-23 11:30:00
3459,2024-12-23 12:30:00
3460,2024-12-23 13:30:00
3461,2024-12-23 14:30:00
3462,2024-12-23 15:30:00
